"","species","year","jd"
"6","Abaeis nicippe",1995,105
"7","Abaeis nicippe",1996,216
"8","Abaeis nicippe",1997,81
"9","Abaeis nicippe",1998,73
"10","Abaeis nicippe",1999,88
"11","Abaeis nicippe",2000,67
"12","Abaeis nicippe",2001,97
"13","Abaeis nicippe",2002,88
"14","Abaeis nicippe",2003,87
"15","Abaeis nicippe",2004,107
"16","Abaeis nicippe",2005,228
"17","Abaeis nicippe",2006,72
"18","Abaeis nicippe",2007,82
"19","Abaeis nicippe",2008,73
"20","Abaeis nicippe",2009,70
"21","Abaeis nicippe",2010,129
"22","Abaeis nicippe",2011,198
"23","Abaeis nicippe",2012,74
"24","Abaeis nicippe",2013,101
"25","Abaeis nicippe",2014,158
"26","Abaeis nicippe",2015,150
"27","Abaeis nicippe",2016,85
"28","Abaeis nicippe",2017,103
"29","Abaeis nicippe",2018,140
"30","Abaeis nicippe",2019,201
"31","Abaeis nicippe",2020,115
"35","Ancyloxypha numitor",1993,191
"40","Ancyloxypha numitor",1998,129
"42","Ancyloxypha numitor",2000,196
"43","Ancyloxypha numitor",2001,138
"44","Ancyloxypha numitor",2002,132
"45","Ancyloxypha numitor",2003,134
"46","Ancyloxypha numitor",2004,136
"47","Ancyloxypha numitor",2005,162
"49","Ancyloxypha numitor",2007,153
"51","Ancyloxypha numitor",2009,146
"52","Ancyloxypha numitor",2010,133
"53","Ancyloxypha numitor",2011,141
"54","Ancyloxypha numitor",2012,133
"55","Ancyloxypha numitor",2013,145
"56","Ancyloxypha numitor",2014,151
"57","Ancyloxypha numitor",2015,143
"58","Ancyloxypha numitor",2016,148
"59","Ancyloxypha numitor",2017,126
"60","Ancyloxypha numitor",2018,140
"61","Ancyloxypha numitor",2019,201
"62","Ancyloxypha numitor",2020,191
"68","Anthocharis midea",1995,74
"69","Anthocharis midea",1996,75
"71","Anthocharis midea",1998,79
"72","Anthocharis midea",1999,76
"73","Anthocharis midea",2000,68
"74","Anthocharis midea",2001,70
"75","Anthocharis midea",2002,66
"76","Anthocharis midea",2003,81
"77","Anthocharis midea",2004,63
"78","Anthocharis midea",2005,79
"79","Anthocharis midea",2006,71
"80","Anthocharis midea",2007,71
"81","Anthocharis midea",2008,73
"82","Anthocharis midea",2009,70
"83","Anthocharis midea",2010,80
"84","Anthocharis midea",2011,67
"85","Anthocharis midea",2012,61
"86","Anthocharis midea",2013,78
"87","Anthocharis midea",2014,81
"88","Anthocharis midea",2015,76
"89","Anthocharis midea",2016,70
"90","Anthocharis midea",2017,55
"91","Anthocharis midea",2018,73
"93","Anthocharis midea",2020,71
"97","Asterocampa celtis",1993,145
"102","Asterocampa celtis",1998,140
"104","Asterocampa celtis",2000,138
"105","Asterocampa celtis",2001,144
"106","Asterocampa celtis",2002,132
"107","Asterocampa celtis",2003,136
"108","Asterocampa celtis",2004,141
"110","Asterocampa celtis",2006,158
"112","Asterocampa celtis",2008,153
"113","Asterocampa celtis",2009,147
"114","Asterocampa celtis",2010,132
"115","Asterocampa celtis",2011,127
"116","Asterocampa celtis",2012,133
"117","Asterocampa celtis",2013,151
"118","Asterocampa celtis",2014,151
"119","Asterocampa celtis",2015,143
"120","Asterocampa celtis",2016,122
"121","Asterocampa celtis",2017,135
"122","Asterocampa celtis",2018,152
"123","Asterocampa celtis",2019,128
"124","Asterocampa celtis",2020,194
"128","Atalopedes campestris",1993,156
"129","Atalopedes campestris",1994,186
"130","Atalopedes campestris",1995,196
"131","Atalopedes campestris",1996,179
"132","Atalopedes campestris",1997,207
"133","Atalopedes campestris",1998,176
"134","Atalopedes campestris",1999,136
"135","Atalopedes campestris",2000,156
"136","Atalopedes campestris",2001,177
"137","Atalopedes campestris",2002,153
"138","Atalopedes campestris",2003,202
"139","Atalopedes campestris",2004,130
"140","Atalopedes campestris",2005,205
"141","Atalopedes campestris",2006,136
"142","Atalopedes campestris",2007,134
"143","Atalopedes campestris",2008,191
"144","Atalopedes campestris",2009,172
"145","Atalopedes campestris",2010,132
"146","Atalopedes campestris",2011,143
"147","Atalopedes campestris",2012,132
"148","Atalopedes campestris",2013,187
"149","Atalopedes campestris",2014,201
"150","Atalopedes campestris",2015,192
"151","Atalopedes campestris",2016,114
"152","Atalopedes campestris",2017,125
"153","Atalopedes campestris",2018,176
"154","Atalopedes campestris",2019,177
"155","Atalopedes campestris",2020,211
"164","Battus philenor",1998,114
"165","Battus philenor",1999,97
"168","Battus philenor",2002,95
"170","Battus philenor",2004,108
"171","Battus philenor",2005,101
"172","Battus philenor",2006,110
"173","Battus philenor",2007,91
"174","Battus philenor",2008,107
"175","Battus philenor",2009,135
"176","Battus philenor",2010,108
"177","Battus philenor",2011,127
"178","Battus philenor",2012,94
"179","Battus philenor",2013,128
"181","Battus philenor",2015,123
"182","Battus philenor",2016,85
"183","Battus philenor",2017,99
"184","Battus philenor",2018,108
"185","Battus philenor",2019,108
"186","Battus philenor",2020,113
"192","Calycopis cecrops",1995,111
"194","Calycopis cecrops",1997,110
"196","Calycopis cecrops",1999,97
"199","Calycopis cecrops",2002,167
"200","Calycopis cecrops",2003,202
"201","Calycopis cecrops",2004,107
"202","Calycopis cecrops",2005,121
"203","Calycopis cecrops",2006,209
"204","Calycopis cecrops",2007,90
"205","Calycopis cecrops",2008,109
"206","Calycopis cecrops",2009,108
"207","Calycopis cecrops",2010,127
"208","Calycopis cecrops",2011,184
"209","Calycopis cecrops",2012,89
"210","Calycopis cecrops",2013,129
"211","Calycopis cecrops",2014,110
"212","Calycopis cecrops",2015,136
"213","Calycopis cecrops",2016,177
"214","Calycopis cecrops",2017,98
"215","Calycopis cecrops",2018,109
"216","Calycopis cecrops",2019,108
"217","Calycopis cecrops",2020,187
"225","Celastrina ladon",1997,64
"226","Celastrina ladon",1998,64
"227","Celastrina ladon",1999,83
"229","Celastrina ladon",2001,70
"230","Celastrina ladon",2002,69
"232","Celastrina ladon",2004,79
"233","Celastrina ladon",2005,72
"234","Celastrina ladon",2006,59
"235","Celastrina ladon",2007,71
"236","Celastrina ladon",2008,70
"237","Celastrina ladon",2009,70
"238","Celastrina ladon",2010,79
"240","Celastrina ladon",2012,61
"245","Celastrina ladon",2017,43
"252","Celastrina neglecta",1993,125
"254","Celastrina neglecta",1995,135
"255","Celastrina neglecta",1996,148
"256","Celastrina neglecta",1997,139
"257","Celastrina neglecta",1998,138
"258","Celastrina neglecta",1999,135
"260","Celastrina neglecta",2001,133
"261","Celastrina neglecta",2002,134
"262","Celastrina neglecta",2003,133
"263","Celastrina neglecta",2004,132
"264","Celastrina neglecta",2005,89
"265","Celastrina neglecta",2006,103
"266","Celastrina neglecta",2007,126
"267","Celastrina neglecta",2008,101
"268","Celastrina neglecta",2009,120
"269","Celastrina neglecta",2010,129
"270","Celastrina neglecta",2011,72
"271","Celastrina neglecta",2012,126
"272","Celastrina neglecta",2013,144
"273","Celastrina neglecta",2014,100
"274","Celastrina neglecta",2015,133
"275","Celastrina neglecta",2016,90
"276","Celastrina neglecta",2017,68
"277","Celastrina neglecta",2018,134
"278","Celastrina neglecta",2019,90
"279","Celastrina neglecta",2020,119
"283","Chlosyne nycteis",1993,176
"294","Chlosyne nycteis",2004,126
"299","Chlosyne nycteis",2009,135
"300","Chlosyne nycteis",2010,121
"301","Chlosyne nycteis",2011,119
"306","Chlosyne nycteis",2016,122
"307","Chlosyne nycteis",2017,112
"308","Chlosyne nycteis",2018,132
"310","Chlosyne nycteis",2020,115
"314","Colias eurytheme",1993,105
"315","Colias eurytheme",1994,105
"316","Colias eurytheme",1995,117
"317","Colias eurytheme",1996,133
"318","Colias eurytheme",1997,81
"319","Colias eurytheme",1998,105
"320","Colias eurytheme",1999,88
"321","Colias eurytheme",2000,68
"323","Colias eurytheme",2002,73
"324","Colias eurytheme",2003,122
"325","Colias eurytheme",2004,109
"327","Colias eurytheme",2006,72
"328","Colias eurytheme",2007,132
"329","Colias eurytheme",2008,82
"330","Colias eurytheme",2009,95
"331","Colias eurytheme",2010,90
"332","Colias eurytheme",2011,92
"333","Colias eurytheme",2012,75
"334","Colias eurytheme",2013,107
"335","Colias eurytheme",2014,101
"336","Colias eurytheme",2015,120
"337","Colias eurytheme",2016,90
"338","Colias eurytheme",2017,85
"339","Colias eurytheme",2018,108
"340","Colias eurytheme",2019,144
"341","Colias eurytheme",2020,144
"345","Cupido comyntas",1993,115
"346","Cupido comyntas",1994,105
"347","Cupido comyntas",1995,117
"348","Cupido comyntas",1996,125
"349","Cupido comyntas",1997,95
"350","Cupido comyntas",1998,111
"351","Cupido comyntas",1999,103
"352","Cupido comyntas",2000,96
"353","Cupido comyntas",2001,119
"354","Cupido comyntas",2002,100
"355","Cupido comyntas",2003,107
"356","Cupido comyntas",2004,109
"358","Cupido comyntas",2006,96
"359","Cupido comyntas",2007,94
"360","Cupido comyntas",2008,101
"361","Cupido comyntas",2009,108
"362","Cupido comyntas",2010,101
"363","Cupido comyntas",2011,109
"364","Cupido comyntas",2012,86
"365","Cupido comyntas",2013,104
"366","Cupido comyntas",2014,111
"367","Cupido comyntas",2015,120
"368","Cupido comyntas",2016,95
"369","Cupido comyntas",2017,98
"370","Cupido comyntas",2018,128
"371","Cupido comyntas",2019,112
"372","Cupido comyntas",2020,117
"376","Cyllopsis gemma",1993,115
"377","Cyllopsis gemma",1994,100
"380","Cyllopsis gemma",1997,89
"381","Cyllopsis gemma",1998,106
"382","Cyllopsis gemma",1999,94
"383","Cyllopsis gemma",2000,98
"384","Cyllopsis gemma",2001,98
"385","Cyllopsis gemma",2002,97
"387","Cyllopsis gemma",2004,107
"389","Cyllopsis gemma",2006,95
"390","Cyllopsis gemma",2007,91
"391","Cyllopsis gemma",2008,101
"392","Cyllopsis gemma",2009,108
"393","Cyllopsis gemma",2010,98
"395","Cyllopsis gemma",2012,83
"397","Cyllopsis gemma",2014,112
"399","Cyllopsis gemma",2016,98
"400","Cyllopsis gemma",2017,87
"401","Cyllopsis gemma",2018,81
"403","Cyllopsis gemma",2020,117
"407","Epargyreus clarus",1993,105
"408","Epargyreus clarus",1994,125
"409","Epargyreus clarus",1995,127
"410","Epargyreus clarus",1996,126
"411","Epargyreus clarus",1997,110
"412","Epargyreus clarus",1998,137
"413","Epargyreus clarus",1999,129
"414","Epargyreus clarus",2000,139
"415","Epargyreus clarus",2001,119
"416","Epargyreus clarus",2002,97
"417","Epargyreus clarus",2003,149
"418","Epargyreus clarus",2004,126
"419","Epargyreus clarus",2005,121
"421","Epargyreus clarus",2007,121
"422","Epargyreus clarus",2008,143
"423","Epargyreus clarus",2009,136
"424","Epargyreus clarus",2010,126
"425","Epargyreus clarus",2011,127
"426","Epargyreus clarus",2012,92
"427","Epargyreus clarus",2013,150
"428","Epargyreus clarus",2014,130
"429","Epargyreus clarus",2015,129
"430","Epargyreus clarus",2016,114
"431","Epargyreus clarus",2017,95
"432","Epargyreus clarus",2018,134
"433","Epargyreus clarus",2019,114
"434","Epargyreus clarus",2020,137
"438","Erynnis horatius",1993,145
"440","Erynnis horatius",1995,196
"441","Erynnis horatius",1996,125
"442","Erynnis horatius",1997,97
"443","Erynnis horatius",1998,176
"444","Erynnis horatius",1999,168
"445","Erynnis horatius",2000,97
"446","Erynnis horatius",2001,140
"447","Erynnis horatius",2002,111
"448","Erynnis horatius",2003,130
"449","Erynnis horatius",2004,107
"450","Erynnis horatius",2005,184
"451","Erynnis horatius",2006,158
"453","Erynnis horatius",2008,165
"454","Erynnis horatius",2009,157
"455","Erynnis horatius",2010,156
"456","Erynnis horatius",2011,184
"457","Erynnis horatius",2012,155
"458","Erynnis horatius",2013,185
"459","Erynnis horatius",2014,162
"460","Erynnis horatius",2015,165
"461","Erynnis horatius",2016,159
"462","Erynnis horatius",2017,148
"463","Erynnis horatius",2018,158
"464","Erynnis horatius",2019,162
"465","Erynnis horatius",2020,194
"469","Erynnis juvenalis",1993,79
"471","Erynnis juvenalis",1995,79
"472","Erynnis juvenalis",1996,95
"473","Erynnis juvenalis",1997,68
"474","Erynnis juvenalis",1998,84
"475","Erynnis juvenalis",1999,83
"476","Erynnis juvenalis",2000,71
"477","Erynnis juvenalis",2001,78
"478","Erynnis juvenalis",2002,73
"479","Erynnis juvenalis",2003,84
"480","Erynnis juvenalis",2004,84
"481","Erynnis juvenalis",2005,83
"482","Erynnis juvenalis",2006,72
"483","Erynnis juvenalis",2007,73
"484","Erynnis juvenalis",2008,76
"486","Erynnis juvenalis",2010,89
"487","Erynnis juvenalis",2011,78
"488","Erynnis juvenalis",2012,75
"489","Erynnis juvenalis",2013,96
"490","Erynnis juvenalis",2014,91
"493","Erynnis juvenalis",2017,67
"494","Erynnis juvenalis",2018,81
"495","Erynnis juvenalis",2019,82
"496","Erynnis juvenalis",2020,80
"500","Euphyes vestris",1993,157
"503","Euphyes vestris",1996,164
"504","Euphyes vestris",1997,207
"505","Euphyes vestris",1998,144
"506","Euphyes vestris",1999,138
"507","Euphyes vestris",2000,148
"508","Euphyes vestris",2001,155
"509","Euphyes vestris",2002,143
"511","Euphyes vestris",2004,140
"512","Euphyes vestris",2005,146
"514","Euphyes vestris",2007,153
"515","Euphyes vestris",2008,170
"516","Euphyes vestris",2009,157
"517","Euphyes vestris",2010,134
"519","Euphyes vestris",2012,196
"520","Euphyes vestris",2013,168
"522","Euphyes vestris",2015,217
"523","Euphyes vestris",2016,162
"524","Euphyes vestris",2017,125
"525","Euphyes vestris",2018,147
"526","Euphyes vestris",2019,127
"527","Euphyes vestris",2020,172
"531","Euptoieta claudia",1993,186
"532","Euptoieta claudia",1994,237
"533","Euptoieta claudia",1995,203
"534","Euptoieta claudia",1996,95
"535","Euptoieta claudia",1997,131
"536","Euptoieta claudia",1998,179
"537","Euptoieta claudia",1999,92
"538","Euptoieta claudia",2000,113
"539","Euptoieta claudia",2001,139
"540","Euptoieta claudia",2002,104
"541","Euptoieta claudia",2003,194
"542","Euptoieta claudia",2004,125
"543","Euptoieta claudia",2005,184
"544","Euptoieta claudia",2006,115
"545","Euptoieta claudia",2007,160
"546","Euptoieta claudia",2008,147
"547","Euptoieta claudia",2009,143
"548","Euptoieta claudia",2010,132
"549","Euptoieta claudia",2011,137
"551","Euptoieta claudia",2013,164
"552","Euptoieta claudia",2014,185
"553","Euptoieta claudia",2015,150
"554","Euptoieta claudia",2016,134
"555","Euptoieta claudia",2017,111
"556","Euptoieta claudia",2018,152
"557","Euptoieta claudia",2019,147
"558","Euptoieta claudia",2020,195
"562","Eurytides marcellus",1993,84
"563","Eurytides marcellus",1994,105
"567","Eurytides marcellus",1998,92
"573","Eurytides marcellus",2004,106
"574","Eurytides marcellus",2005,89
"575","Eurytides marcellus",2006,95
"577","Eurytides marcellus",2008,95
"578","Eurytides marcellus",2009,100
"579","Eurytides marcellus",2010,92
"580","Eurytides marcellus",2011,66
"582","Eurytides marcellus",2013,97
"583","Eurytides marcellus",2014,91
"584","Eurytides marcellus",2015,103
"585","Eurytides marcellus",2016,78
"586","Eurytides marcellus",2017,87
"587","Eurytides marcellus",2018,81
"589","Eurytides marcellus",2020,88
"593","Hermeuptychia sosybius",1993,115
"594","Hermeuptychia sosybius",1994,115
"595","Hermeuptychia sosybius",1995,111
"596","Hermeuptychia sosybius",1996,125
"597","Hermeuptychia sosybius",1997,110
"598","Hermeuptychia sosybius",1998,126
"599","Hermeuptychia sosybius",1999,111
"600","Hermeuptychia sosybius",2000,114
"601","Hermeuptychia sosybius",2001,133
"602","Hermeuptychia sosybius",2002,104
"603","Hermeuptychia sosybius",2003,122
"604","Hermeuptychia sosybius",2004,115
"605","Hermeuptychia sosybius",2005,121
"606","Hermeuptychia sosybius",2006,106
"607","Hermeuptychia sosybius",2007,94
"608","Hermeuptychia sosybius",2008,103
"609","Hermeuptychia sosybius",2009,135
"610","Hermeuptychia sosybius",2010,121
"611","Hermeuptychia sosybius",2011,121
"613","Hermeuptychia sosybius",2013,128
"614","Hermeuptychia sosybius",2014,126
"615","Hermeuptychia sosybius",2015,120
"616","Hermeuptychia sosybius",2016,99
"617","Hermeuptychia sosybius",2017,99
"618","Hermeuptychia sosybius",2018,121
"619","Hermeuptychia sosybius",2019,112
"620","Hermeuptychia sosybius",2020,112
"624","Hylephila phyleus",1993,186
"625","Hylephila phyleus",1994,206
"626","Hylephila phyleus",1995,203
"627","Hylephila phyleus",1996,209
"628","Hylephila phyleus",1997,221
"629","Hylephila phyleus",1998,187
"630","Hylephila phyleus",1999,178
"631","Hylephila phyleus",2000,197
"632","Hylephila phyleus",2001,174
"633","Hylephila phyleus",2002,180
"634","Hylephila phyleus",2003,221
"635","Hylephila phyleus",2004,197
"636","Hylephila phyleus",2005,205
"637","Hylephila phyleus",2006,197
"638","Hylephila phyleus",2007,163
"639","Hylephila phyleus",2008,183
"640","Hylephila phyleus",2009,178
"641","Hylephila phyleus",2010,181
"642","Hylephila phyleus",2011,208
"643","Hylephila phyleus",2012,174
"644","Hylephila phyleus",2013,186
"645","Hylephila phyleus",2014,207
"646","Hylephila phyleus",2015,176
"647","Hylephila phyleus",2016,159
"648","Hylephila phyleus",2017,155
"649","Hylephila phyleus",2018,160
"650","Hylephila phyleus",2019,183
"651","Hylephila phyleus",2020,198
"655","Junonia coenia",1993,166
"656","Junonia coenia",1994,156
"657","Junonia coenia",1995,186
"658","Junonia coenia",1996,172
"659","Junonia coenia",1997,196
"660","Junonia coenia",1998,144
"661","Junonia coenia",1999,139
"662","Junonia coenia",2000,114
"663","Junonia coenia",2001,156
"664","Junonia coenia",2002,103
"665","Junonia coenia",2003,149
"666","Junonia coenia",2004,126
"667","Junonia coenia",2005,211
"668","Junonia coenia",2006,121
"669","Junonia coenia",2007,135
"670","Junonia coenia",2008,135
"671","Junonia coenia",2009,152
"672","Junonia coenia",2010,135
"673","Junonia coenia",2011,137
"675","Junonia coenia",2013,174
"676","Junonia coenia",2014,180
"677","Junonia coenia",2015,163
"678","Junonia coenia",2016,128
"679","Junonia coenia",2017,118
"680","Junonia coenia",2018,153
"681","Junonia coenia",2019,128
"682","Junonia coenia",2020,152
"686","Lerema accius",1993,166
"687","Lerema accius",1994,204
"688","Lerema accius",1995,243
"689","Lerema accius",1996,231
"690","Lerema accius",1997,131
"691","Lerema accius",1998,203
"692","Lerema accius",1999,198
"693","Lerema accius",2000,197
"694","Lerema accius",2001,215
"695","Lerema accius",2002,215
"696","Lerema accius",2003,149
"697","Lerema accius",2004,132
"698","Lerema accius",2005,205
"699","Lerema accius",2006,197
"700","Lerema accius",2007,215
"701","Lerema accius",2008,192
"702","Lerema accius",2009,200
"703","Lerema accius",2010,140
"704","Lerema accius",2011,217
"705","Lerema accius",2012,162
"706","Lerema accius",2013,199
"707","Lerema accius",2014,227
"708","Lerema accius",2015,218
"709","Lerema accius",2016,177
"710","Lerema accius",2017,178
"711","Lerema accius",2018,217
"712","Lerema accius",2019,147
"713","Lerema accius",2020,215
"724","Lethe anthedon",2000,211
"725","Lethe anthedon",2001,143
"726","Lethe anthedon",2002,132
"728","Lethe anthedon",2004,140
"733","Lethe anthedon",2009,152
"734","Lethe anthedon",2010,134
"735","Lethe anthedon",2011,162
"736","Lethe anthedon",2012,133
"738","Lethe anthedon",2014,153
"739","Lethe anthedon",2015,162
"740","Lethe anthedon",2016,134
"741","Lethe anthedon",2017,155
"744","Lethe anthedon",2020,158
"759","Lethe appalachia",2004,161
"760","Lethe appalachia",2005,124
"764","Lethe appalachia",2009,143
"765","Lethe appalachia",2010,134
"766","Lethe appalachia",2011,149
"767","Lethe appalachia",2012,133
"768","Lethe appalachia",2013,146
"769","Lethe appalachia",2014,151
"770","Lethe appalachia",2015,143
"771","Lethe appalachia",2016,135
"772","Lethe appalachia",2017,124
"773","Lethe appalachia",2018,167
"775","Lethe appalachia",2020,115
"779","Libytheana carinenta",1993,64
"783","Libytheana carinenta",1997,61
"784","Libytheana carinenta",1998,66
"785","Libytheana carinenta",1999,90
"786","Libytheana carinenta",2000,160
"787","Libytheana carinenta",2001,48
"789","Libytheana carinenta",2003,149
"790","Libytheana carinenta",2004,87
"791","Libytheana carinenta",2005,88
"792","Libytheana carinenta",2006,72
"794","Libytheana carinenta",2008,66
"795","Libytheana carinenta",2009,68
"796","Libytheana carinenta",2010,78
"797","Libytheana carinenta",2011,44
"798","Libytheana carinenta",2012,79
"800","Libytheana carinenta",2014,90
"801","Libytheana carinenta",2015,136
"802","Libytheana carinenta",2016,90
"803","Libytheana carinenta",2017,91
"804","Libytheana carinenta",2018,153
"805","Libytheana carinenta",2019,71
"806","Libytheana carinenta",2020,93
"810","Limenitis archippus",1993,135
"811","Limenitis archippus",1994,135
"812","Limenitis archippus",1995,135
"813","Limenitis archippus",1996,136
"814","Limenitis archippus",1997,135
"815","Limenitis archippus",1998,129
"817","Limenitis archippus",2000,129
"818","Limenitis archippus",2001,216
"819","Limenitis archippus",2002,136
"820","Limenitis archippus",2003,122
"821","Limenitis archippus",2004,126
"826","Limenitis archippus",2009,172
"827","Limenitis archippus",2010,127
"828","Limenitis archippus",2011,141
"829","Limenitis archippus",2012,126
"830","Limenitis archippus",2013,137
"832","Limenitis archippus",2015,142
"833","Limenitis archippus",2016,148
"834","Limenitis archippus",2017,122
"835","Limenitis archippus",2018,132
"836","Limenitis archippus",2019,180
"837","Limenitis archippus",2020,194
"841","Limenitis arthemis astyanax",1993,135
"842","Limenitis arthemis astyanax",1994,127
"843","Limenitis arthemis astyanax",1995,135
"844","Limenitis arthemis astyanax",1996,140
"845","Limenitis arthemis astyanax",1997,129
"846","Limenitis arthemis astyanax",1998,126
"847","Limenitis arthemis astyanax",1999,98
"848","Limenitis arthemis astyanax",2000,132
"849","Limenitis arthemis astyanax",2001,132
"850","Limenitis arthemis astyanax",2002,132
"851","Limenitis arthemis astyanax",2003,127
"852","Limenitis arthemis astyanax",2004,119
"853","Limenitis arthemis astyanax",2005,138
"854","Limenitis arthemis astyanax",2006,111
"855","Limenitis arthemis astyanax",2007,132
"856","Limenitis arthemis astyanax",2008,135
"857","Limenitis arthemis astyanax",2009,133
"858","Limenitis arthemis astyanax",2010,122
"859","Limenitis arthemis astyanax",2011,127
"860","Limenitis arthemis astyanax",2012,127
"861","Limenitis arthemis astyanax",2013,139
"863","Limenitis arthemis astyanax",2015,133
"864","Limenitis arthemis astyanax",2016,128
"865","Limenitis arthemis astyanax",2017,118
"866","Limenitis arthemis astyanax",2018,140
"867","Limenitis arthemis astyanax",2019,166
"868","Limenitis arthemis astyanax",2020,215
"872","Megisto cymela",1993,145
"873","Megisto cymela",1994,134
"874","Megisto cymela",1995,135
"877","Megisto cymela",1998,139
"879","Megisto cymela",2000,138
"880","Megisto cymela",2001,138
"882","Megisto cymela",2003,136
"883","Megisto cymela",2004,135
"886","Megisto cymela",2007,133
"887","Megisto cymela",2008,137
"888","Megisto cymela",2009,136
"889","Megisto cymela",2010,134
"892","Megisto cymela",2013,142
"893","Megisto cymela",2014,136
"896","Megisto cymela",2017,130
"897","Megisto cymela",2018,145
"912","Nastra lherminier",2002,132
"914","Nastra lherminier",2004,141
"919","Nastra lherminier",2009,213
"920","Nastra lherminier",2010,133
"922","Nastra lherminier",2012,131
"925","Nastra lherminier",2015,157
"927","Nastra lherminier",2017,135
"929","Nastra lherminier",2019,215
"930","Nastra lherminier",2020,159
"934","Panoquina ocola",1993,191
"935","Panoquina ocola",1994,217
"936","Panoquina ocola",1995,217
"937","Panoquina ocola",1996,216
"939","Panoquina ocola",1998,206
"940","Panoquina ocola",1999,205
"941","Panoquina ocola",2000,211
"943","Panoquina ocola",2002,215
"944","Panoquina ocola",2003,219
"945","Panoquina ocola",2004,200
"946","Panoquina ocola",2005,233
"947","Panoquina ocola",2006,211
"948","Panoquina ocola",2007,273
"950","Panoquina ocola",2009,213
"951","Panoquina ocola",2010,219
"952","Panoquina ocola",2011,213
"953","Panoquina ocola",2012,217
"954","Panoquina ocola",2013,203
"955","Panoquina ocola",2014,227
"957","Panoquina ocola",2016,199
"958","Panoquina ocola",2017,204
"959","Panoquina ocola",2018,210
"960","Panoquina ocola",2019,201
"961","Panoquina ocola",2020,222
"965","Papilio glaucus",1993,95
"966","Papilio glaucus",1994,95
"967","Papilio glaucus",1995,105
"968","Papilio glaucus",1996,109
"969","Papilio glaucus",1997,82
"970","Papilio glaucus",1998,92
"971","Papilio glaucus",1999,87
"972","Papilio glaucus",2000,83
"973","Papilio glaucus",2001,83
"974","Papilio glaucus",2002,84
"975","Papilio glaucus",2003,87
"976","Papilio glaucus",2004,97
"977","Papilio glaucus",2005,100
"978","Papilio glaucus",2006,76
"979","Papilio glaucus",2007,86
"980","Papilio glaucus",2008,81
"981","Papilio glaucus",2009,98
"982","Papilio glaucus",2010,96
"983","Papilio glaucus",2011,78
"984","Papilio glaucus",2012,83
"985","Papilio glaucus",2013,97
"986","Papilio glaucus",2014,100
"988","Papilio glaucus",2016,77
"989","Papilio glaucus",2017,69
"990","Papilio glaucus",2018,103
"991","Papilio glaucus",2019,105
"992","Papilio glaucus",2020,94
"996","Papilio polyxenes",1993,115
"997","Papilio polyxenes",1994,117
"1001","Papilio polyxenes",1998,142
"1002","Papilio polyxenes",1999,97
"1003","Papilio polyxenes",2000,85
"1004","Papilio polyxenes",2001,103
"1005","Papilio polyxenes",2002,95
"1006","Papilio polyxenes",2003,122
"1007","Papilio polyxenes",2004,107
"1008","Papilio polyxenes",2005,124
"1009","Papilio polyxenes",2006,95
"1010","Papilio polyxenes",2007,85
"1011","Papilio polyxenes",2008,101
"1012","Papilio polyxenes",2009,89
"1013","Papilio polyxenes",2010,98
"1014","Papilio polyxenes",2011,104
"1015","Papilio polyxenes",2012,92
"1016","Papilio polyxenes",2013,97
"1017","Papilio polyxenes",2014,100
"1018","Papilio polyxenes",2015,103
"1019","Papilio polyxenes",2016,98
"1020","Papilio polyxenes",2017,81
"1021","Papilio polyxenes",2018,109
"1022","Papilio polyxenes",2019,112
"1023","Papilio polyxenes",2020,102
"1027","Papilio troilus",1993,115
"1028","Papilio troilus",1994,127
"1029","Papilio troilus",1995,135
"1030","Papilio troilus",1996,125
"1031","Papilio troilus",1997,110
"1032","Papilio troilus",1998,98
"1033","Papilio troilus",1999,108
"1034","Papilio troilus",2000,114
"1035","Papilio troilus",2001,95
"1036","Papilio troilus",2002,110
"1037","Papilio troilus",2003,92
"1038","Papilio troilus",2004,121
"1039","Papilio troilus",2005,124
"1040","Papilio troilus",2006,103
"1041","Papilio troilus",2007,91
"1042","Papilio troilus",2008,112
"1043","Papilio troilus",2009,100
"1044","Papilio troilus",2010,134
"1045","Papilio troilus",2011,104
"1046","Papilio troilus",2012,90
"1047","Papilio troilus",2013,137
"1048","Papilio troilus",2014,107
"1050","Papilio troilus",2016,99
"1051","Papilio troilus",2017,101
"1052","Papilio troilus",2018,109
"1053","Papilio troilus",2019,127
"1054","Papilio troilus",2020,144
"1058","Phoebis sennae",1993,145
"1059","Phoebis sennae",1994,176
"1060","Phoebis sennae",1995,196
"1062","Phoebis sennae",1997,194
"1063","Phoebis sennae",1998,115
"1064","Phoebis sennae",1999,98
"1065","Phoebis sennae",2000,127
"1066","Phoebis sennae",2001,154
"1067","Phoebis sennae",2002,104
"1068","Phoebis sennae",2003,134
"1069","Phoebis sennae",2004,126
"1070","Phoebis sennae",2005,244
"1071","Phoebis sennae",2006,115
"1072","Phoebis sennae",2007,181
"1073","Phoebis sennae",2008,101
"1074","Phoebis sennae",2009,166
"1075","Phoebis sennae",2010,150
"1076","Phoebis sennae",2011,232
"1077","Phoebis sennae",2012,89
"1078","Phoebis sennae",2013,104
"1079","Phoebis sennae",2014,234
"1080","Phoebis sennae",2015,218
"1081","Phoebis sennae",2016,162
"1082","Phoebis sennae",2017,118
"1083","Phoebis sennae",2018,223
"1084","Phoebis sennae",2019,114
"1085","Phoebis sennae",2020,116
"1089","Phyciodes tharos",1993,95
"1090","Phyciodes tharos",1994,105
"1091","Phyciodes tharos",1995,115
"1092","Phyciodes tharos",1996,133
"1093","Phyciodes tharos",1997,122
"1094","Phyciodes tharos",1998,125
"1095","Phyciodes tharos",1999,111
"1096","Phyciodes tharos",2000,102
"1097","Phyciodes tharos",2001,140
"1098","Phyciodes tharos",2002,104
"1099","Phyciodes tharos",2003,122
"1100","Phyciodes tharos",2004,114
"1101","Phyciodes tharos",2005,118
"1102","Phyciodes tharos",2006,105
"1103","Phyciodes tharos",2007,122
"1104","Phyciodes tharos",2008,107
"1105","Phyciodes tharos",2009,123
"1106","Phyciodes tharos",2010,121
"1107","Phyciodes tharos",2011,119
"1108","Phyciodes tharos",2012,89
"1109","Phyciodes tharos",2013,128
"1110","Phyciodes tharos",2014,113
"1111","Phyciodes tharos",2015,122
"1112","Phyciodes tharos",2016,99
"1114","Phyciodes tharos",2018,121
"1115","Phyciodes tharos",2019,114
"1116","Phyciodes tharos",2020,119
"1120","Pieris rapae",1993,95
"1121","Pieris rapae",1994,135
"1122","Pieris rapae",1995,109
"1123","Pieris rapae",1996,133
"1124","Pieris rapae",1997,67
"1125","Pieris rapae",1998,88
"1126","Pieris rapae",1999,90
"1127","Pieris rapae",2000,71
"1128","Pieris rapae",2001,83
"1129","Pieris rapae",2002,83
"1130","Pieris rapae",2003,122
"1131","Pieris rapae",2004,85
"1132","Pieris rapae",2005,106
"1133","Pieris rapae",2006,76
"1134","Pieris rapae",2007,68
"1135","Pieris rapae",2008,109
"1136","Pieris rapae",2009,81
"1137","Pieris rapae",2010,79
"1138","Pieris rapae",2011,98
"1139","Pieris rapae",2012,77
"1140","Pieris rapae",2013,100
"1141","Pieris rapae",2014,103
"1142","Pieris rapae",2015,127
"1143","Pieris rapae",2016,77
"1145","Pieris rapae",2018,139
"1146","Pieris rapae",2019,37
"1147","Pieris rapae",2020,144
"1153","Polites origenes",1995,141
"1155","Polites origenes",1997,144
"1156","Polites origenes",1998,139
"1157","Polites origenes",1999,140
"1158","Polites origenes",2000,144
"1159","Polites origenes",2001,144
"1160","Polites origenes",2002,143
"1161","Polites origenes",2003,150
"1162","Polites origenes",2004,137
"1164","Polites origenes",2006,155
"1165","Polites origenes",2007,145
"1166","Polites origenes",2008,150
"1167","Polites origenes",2009,141
"1168","Polites origenes",2010,146
"1169","Polites origenes",2011,144
"1170","Polites origenes",2012,132
"1176","Polites origenes",2018,156
"1177","Polites origenes",2019,181
"1178","Polites origenes",2020,159
"1182","Polygonia comma",1993,31
"1183","Polygonia comma",1994,65
"1184","Polygonia comma",1995,84
"1185","Polygonia comma",1996,76
"1187","Polygonia comma",1998,73
"1188","Polygonia comma",1999,77
"1189","Polygonia comma",2000,59
"1190","Polygonia comma",2001,47
"1191","Polygonia comma",2002,69
"1192","Polygonia comma",2003,81
"1193","Polygonia comma",2004,60
"1194","Polygonia comma",2005,79
"1195","Polygonia comma",2006,47
"1197","Polygonia comma",2008,71
"1198","Polygonia comma",2009,108
"1199","Polygonia comma",2010,67
"1200","Polygonia comma",2011,71
"1201","Polygonia comma",2012,125
"1202","Polygonia comma",2013,96
"1203","Polygonia comma",2014,61
"1204","Polygonia comma",2015,133
"1205","Polygonia comma",2016,78
"1207","Polygonia comma",2018,88
"1209","Polygonia comma",2020,93
"1213","Polygonia interrogationis",1993,74
"1214","Polygonia interrogationis",1994,84
"1215","Polygonia interrogationis",1995,98
"1216","Polygonia interrogationis",1996,111
"1217","Polygonia interrogationis",1997,61
"1218","Polygonia interrogationis",1998,74
"1219","Polygonia interrogationis",1999,76
"1220","Polygonia interrogationis",2000,83
"1221","Polygonia interrogationis",2001,48
"1222","Polygonia interrogationis",2002,75
"1223","Polygonia interrogationis",2003,92
"1224","Polygonia interrogationis",2004,61
"1225","Polygonia interrogationis",2005,88
"1226","Polygonia interrogationis",2006,59
"1227","Polygonia interrogationis",2007,73
"1228","Polygonia interrogationis",2008,66
"1229","Polygonia interrogationis",2009,68
"1230","Polygonia interrogationis",2010,72
"1231","Polygonia interrogationis",2011,78
"1232","Polygonia interrogationis",2012,77
"1233","Polygonia interrogationis",2013,139
"1234","Polygonia interrogationis",2014,91
"1235","Polygonia interrogationis",2015,136
"1236","Polygonia interrogationis",2016,72
"1237","Polygonia interrogationis",2017,81
"1238","Polygonia interrogationis",2018,73
"1240","Polygonia interrogationis",2020,87
"1244","Pompeius verna",1993,145
"1245","Pompeius verna",1994,135
"1248","Pompeius verna",1997,160
"1249","Pompeius verna",1998,151
"1250","Pompeius verna",1999,150
"1251","Pompeius verna",2000,152
"1252","Pompeius verna",2001,145
"1253","Pompeius verna",2002,132
"1255","Pompeius verna",2004,137
"1256","Pompeius verna",2005,146
"1257","Pompeius verna",2006,139
"1258","Pompeius verna",2007,145
"1260","Pompeius verna",2009,146
"1261","Pompeius verna",2010,134
"1262","Pompeius verna",2011,148
"1263","Pompeius verna",2012,132
"1264","Pompeius verna",2013,145
"1265","Pompeius verna",2014,207
"1266","Pompeius verna",2015,157
"1267","Pompeius verna",2016,135
"1268","Pompeius verna",2017,137
"1269","Pompeius verna",2018,152
"1275","Pyrgus communis",1993,227
"1278","Pyrgus communis",1996,208
"1279","Pyrgus communis",1997,94
"1280","Pyrgus communis",1998,91
"1281","Pyrgus communis",1999,98
"1282","Pyrgus communis",2000,77
"1283","Pyrgus communis",2001,216
"1284","Pyrgus communis",2002,97
"1285","Pyrgus communis",2003,134
"1286","Pyrgus communis",2004,115
"1287","Pyrgus communis",2005,183
"1288","Pyrgus communis",2006,115
"1289","Pyrgus communis",2007,118
"1290","Pyrgus communis",2008,104
"1291","Pyrgus communis",2009,200
"1292","Pyrgus communis",2010,122
"1293","Pyrgus communis",2011,226
"1294","Pyrgus communis",2012,211
"1295","Pyrgus communis",2013,160
"1296","Pyrgus communis",2014,189
"1297","Pyrgus communis",2015,129
"1298","Pyrgus communis",2016,134
"1299","Pyrgus communis",2017,103
"1300","Pyrgus communis",2018,121
"1301","Pyrgus communis",2019,112
"1302","Pyrgus communis",2020,172
"1312","Speyeria cybele",1999,150
"1313","Speyeria cybele",2000,152
"1315","Speyeria cybele",2002,143
"1317","Speyeria cybele",2004,137
"1319","Speyeria cybele",2006,147
"1320","Speyeria cybele",2007,145
"1321","Speyeria cybele",2008,163
"1322","Speyeria cybele",2009,141
"1323","Speyeria cybele",2010,134
"1324","Speyeria cybele",2011,138
"1327","Speyeria cybele",2014,154
"1330","Speyeria cybele",2017,130
"1331","Speyeria cybele",2018,145
"1333","Speyeria cybele",2020,159
"1337","Strymon melinus",1993,135
"1338","Strymon melinus",1994,145
"1339","Strymon melinus",1995,166
"1340","Strymon melinus",1996,167
"1341","Strymon melinus",1997,92
"1342","Strymon melinus",1998,144
"1343","Strymon melinus",1999,99
"1344","Strymon melinus",2000,85
"1345","Strymon melinus",2001,200
"1346","Strymon melinus",2002,132
"1347","Strymon melinus",2003,134
"1348","Strymon melinus",2004,86
"1349","Strymon melinus",2005,124
"1350","Strymon melinus",2006,197
"1351","Strymon melinus",2007,157
"1352","Strymon melinus",2008,170
"1353","Strymon melinus",2009,135
"1354","Strymon melinus",2010,148
"1355","Strymon melinus",2011,121
"1356","Strymon melinus",2012,104
"1357","Strymon melinus",2013,200
"1358","Strymon melinus",2014,158
"1359","Strymon melinus",2015,163
"1360","Strymon melinus",2016,156
"1361","Strymon melinus",2017,136
"1362","Strymon melinus",2018,167
"1363","Strymon melinus",2019,147
"1364","Strymon melinus",2020,195
"1368","Thorybes bathyllus",1993,135
"1371","Thorybes bathyllus",1996,125
"1374","Thorybes bathyllus",1999,135
"1375","Thorybes bathyllus",2000,114
"1376","Thorybes bathyllus",2001,132
"1377","Thorybes bathyllus",2002,125
"1378","Thorybes bathyllus",2003,140
"1379","Thorybes bathyllus",2004,126
"1382","Thorybes bathyllus",2007,126
"1383","Thorybes bathyllus",2008,143
"1384","Thorybes bathyllus",2009,146
"1385","Thorybes bathyllus",2010,134
"1399","Vanessa atalanta",1993,156
"1400","Vanessa atalanta",1994,135
"1401","Vanessa atalanta",1995,135
"1403","Vanessa atalanta",1997,131
"1404","Vanessa atalanta",1998,129
"1405","Vanessa atalanta",1999,126
"1406","Vanessa atalanta",2000,138
"1407","Vanessa atalanta",2001,139
"1408","Vanessa atalanta",2002,97
"1409","Vanessa atalanta",2003,134
"1410","Vanessa atalanta",2004,119
"1411","Vanessa atalanta",2005,93
"1412","Vanessa atalanta",2006,115
"1413","Vanessa atalanta",2007,132
"1414","Vanessa atalanta",2008,109
"1415","Vanessa atalanta",2009,141
"1416","Vanessa atalanta",2010,129
"1417","Vanessa atalanta",2011,119
"1418","Vanessa atalanta",2012,116
"1419","Vanessa atalanta",2013,129
"1420","Vanessa atalanta",2014,131
"1421","Vanessa atalanta",2015,122
"1422","Vanessa atalanta",2016,99
"1423","Vanessa atalanta",2017,99
"1424","Vanessa atalanta",2018,118
"1425","Vanessa atalanta",2019,113
"1430","Vanessa virginiensis",1993,125
"1431","Vanessa virginiensis",1994,125
"1432","Vanessa virginiensis",1995,115
"1433","Vanessa virginiensis",1996,126
"1434","Vanessa virginiensis",1997,92
"1435","Vanessa virginiensis",1998,114
"1436","Vanessa virginiensis",1999,103
"1437","Vanessa virginiensis",2000,96
"1438","Vanessa virginiensis",2001,83
"1439","Vanessa virginiensis",2002,81
"1440","Vanessa virginiensis",2003,127
"1441","Vanessa virginiensis",2004,109
"1442","Vanessa virginiensis",2005,123
"1443","Vanessa virginiensis",2006,106
"1444","Vanessa virginiensis",2007,94
"1445","Vanessa virginiensis",2008,108
"1446","Vanessa virginiensis",2009,138
"1447","Vanessa virginiensis",2010,121
"1448","Vanessa virginiensis",2011,114
"1449","Vanessa virginiensis",2012,79
"1450","Vanessa virginiensis",2013,130
"1451","Vanessa virginiensis",2014,156
"1452","Vanessa virginiensis",2015,137
"1453","Vanessa virginiensis",2016,114
"1454","Vanessa virginiensis",2017,99
"1455","Vanessa virginiensis",2018,122
"1456","Vanessa virginiensis",2019,114
"1465","Wallengrenia otho",1997,160
"1466","Wallengrenia otho",1998,151
"1467","Wallengrenia otho",1999,158
"1468","Wallengrenia otho",2000,160
"1470","Wallengrenia otho",2002,134
"1471","Wallengrenia otho",2003,150
"1472","Wallengrenia otho",2004,137
"1473","Wallengrenia otho",2005,155
"1474","Wallengrenia otho",2006,157
"1475","Wallengrenia otho",2007,148
"1476","Wallengrenia otho",2008,150
"1477","Wallengrenia otho",2009,157
"1478","Wallengrenia otho",2010,140
"1481","Wallengrenia otho",2013,164
"1482","Wallengrenia otho",2014,153
"1485","Wallengrenia otho",2017,127
