"","species","year","julian"
"4","Vanessa virginiensis",1993,125
"5","Vanessa virginiensis",1994,127
"6","Vanessa virginiensis",1995,115
"7","Vanessa virginiensis",1996,148
"8","Vanessa virginiensis",1997,110
"9","Vanessa virginiensis",1998,125
"10","Vanessa virginiensis",1999,129
"11","Vanessa virginiensis",2000,113
"12","Vanessa virginiensis",2001,139
"13","Vanessa virginiensis",2002,93
"14","Vanessa virginiensis",2003,169
"15","Vanessa virginiensis",2004,114
"16","Vanessa virginiensis",2005,121
"17","Vanessa virginiensis",2006,121
"18","Vanessa virginiensis",2007,118
"19","Vanessa virginiensis",2008,136
"20","Vanessa virginiensis",2009,140
"21","Vanessa virginiensis",2010,129
"22","Vanessa virginiensis",2011,127
"23","Vanessa virginiensis",2012,97
"24","Vanessa virginiensis",2013,138
"25","Vanessa virginiensis",2014,174
"26","Vanessa virginiensis",2015,143
"27","Vanessa virginiensis",2016,121
"28","Vanessa virginiensis",2017,112
"29","Vanessa virginiensis",2018,122
"30","Vanessa virginiensis",2019,121
"31","Vanessa virginiensis",2020,131
"35","Libytheana carinenta",1993,64
"36","Libytheana carinenta",1994,95
"37","Libytheana carinenta",1995,231
"38","Libytheana carinenta",1996,94
"39","Libytheana carinenta",1997,60
"40","Libytheana carinenta",1998,66
"41","Libytheana carinenta",1999,90
"42","Libytheana carinenta",2000,174
"43","Libytheana carinenta",2001,154
"44","Libytheana carinenta",2002,132
"45","Libytheana carinenta",2003,205
"46","Libytheana carinenta",2004,106
"47","Libytheana carinenta",2005,93
"48","Libytheana carinenta",2006,136
"49","Libytheana carinenta",2007,172
"50","Libytheana carinenta",2008,61
"51","Libytheana carinenta",2009,147
"52","Libytheana carinenta",2010,121
"53","Libytheana carinenta",2011,45
"54","Libytheana carinenta",2012,121
"55","Libytheana carinenta",2013,150
"56","Libytheana carinenta",2014,90
"57","Libytheana carinenta",2015,143
"58","Libytheana carinenta",2016,122
"59","Libytheana carinenta",2017,118
"60","Libytheana carinenta",2018,155
"61","Libytheana carinenta",2019,127
"62","Libytheana carinenta",2020,124
"64","Lethe appalachia",1991,215
"65","Lethe appalachia",1992,221
"66","Lethe appalachia",1993,140
"69","Lethe appalachia",1996,208
"70","Lethe appalachia",1997,207
"71","Lethe appalachia",1998,145
"72","Lethe appalachia",1999,205
"73","Lethe appalachia",2000,274
"74","Lethe appalachia",2001,152
"75","Lethe appalachia",2002,207
"76","Lethe appalachia",2003,148
"77","Lethe appalachia",2004,172
"78","Lethe appalachia",2005,146
"79","Lethe appalachia",2006,209
"80","Lethe appalachia",2007,215
"81","Lethe appalachia",2008,159
"82","Lethe appalachia",2009,146
"83","Lethe appalachia",2010,134
"84","Lethe appalachia",2011,149
"85","Lethe appalachia",2012,145
"86","Lethe appalachia",2013,155
"87","Lethe appalachia",2014,136
"88","Lethe appalachia",2015,143
"89","Lethe appalachia",2016,135
"90","Lethe appalachia",2017,131
"91","Lethe appalachia",2018,181
"92","Lethe appalachia",2019,213
"93","Lethe appalachia",2020,198
"97","Papilio polyxenes",1993,115
"98","Papilio polyxenes",1994,117
"99","Papilio polyxenes",1995,98
"100","Papilio polyxenes",1996,126
"101","Papilio polyxenes",1997,183
"102","Papilio polyxenes",1998,142
"103","Papilio polyxenes",1999,126
"104","Papilio polyxenes",2000,146
"105","Papilio polyxenes",2001,132
"106","Papilio polyxenes",2002,207
"107","Papilio polyxenes",2003,160
"108","Papilio polyxenes",2004,108
"109","Papilio polyxenes",2005,100
"110","Papilio polyxenes",2006,95
"111","Papilio polyxenes",2007,85
"112","Papilio polyxenes",2008,108
"113","Papilio polyxenes",2009,122
"114","Papilio polyxenes",2010,101
"115","Papilio polyxenes",2011,117
"116","Papilio polyxenes",2012,120
"117","Papilio polyxenes",2013,201
"118","Papilio polyxenes",2014,111
"119","Papilio polyxenes",2015,214
"120","Papilio polyxenes",2016,148
"121","Papilio polyxenes",2017,123
"122","Papilio polyxenes",2018,118
"123","Papilio polyxenes",2019,145
"124","Papilio polyxenes",2020,208
"128","Pieris rapae",1993,95
"129","Pieris rapae",1994,135
"130","Pieris rapae",1995,127
"131","Pieris rapae",1996,148
"132","Pieris rapae",1997,81
"133","Pieris rapae",1998,96
"134","Pieris rapae",1999,92
"135","Pieris rapae",2000,78
"136","Pieris rapae",2001,139
"137","Pieris rapae",2002,132
"138","Pieris rapae",2003,132
"139","Pieris rapae",2004,125
"140","Pieris rapae",2005,183
"141","Pieris rapae",2006,197
"142","Pieris rapae",2007,121
"143","Pieris rapae",2008,147
"144","Pieris rapae",2009,141
"145","Pieris rapae",2010,90
"146","Pieris rapae",2011,137
"147","Pieris rapae",2012,79
"148","Pieris rapae",2013,160
"149","Pieris rapae",2014,164
"150","Pieris rapae",2015,129
"151","Pieris rapae",2016,122
"152","Pieris rapae",2017,118
"153","Pieris rapae",2018,158
"154","Pieris rapae",2019,144
"155","Pieris rapae",2020,156
"159","Hermeuptychia sosybius",1993,122
"160","Hermeuptychia sosybius",1994,117
"161","Hermeuptychia sosybius",1995,125
"162","Hermeuptychia sosybius",1996,125
"163","Hermeuptychia sosybius",1997,110
"164","Hermeuptychia sosybius",1998,129
"165","Hermeuptychia sosybius",1999,128
"166","Hermeuptychia sosybius",2000,127
"167","Hermeuptychia sosybius",2001,133
"168","Hermeuptychia sosybius",2002,215
"169","Hermeuptychia sosybius",2003,136
"170","Hermeuptychia sosybius",2004,125
"171","Hermeuptychia sosybius",2005,118
"172","Hermeuptychia sosybius",2006,118
"173","Hermeuptychia sosybius",2007,126
"174","Hermeuptychia sosybius",2008,124
"175","Hermeuptychia sosybius",2009,181
"176","Hermeuptychia sosybius",2010,129
"177","Hermeuptychia sosybius",2011,184
"178","Hermeuptychia sosybius",2012,126
"179","Hermeuptychia sosybius",2013,146
"180","Hermeuptychia sosybius",2014,174
"181","Hermeuptychia sosybius",2015,176
"182","Hermeuptychia sosybius",2016,177
"183","Hermeuptychia sosybius",2017,118
"184","Hermeuptychia sosybius",2018,134
"185","Hermeuptychia sosybius",2019,115
"186","Hermeuptychia sosybius",2020,113
"189","Lerema accius",1992,215
"190","Lerema accius",1993,166
"191","Lerema accius",1994,204
"192","Lerema accius",1995,245
"193","Lerema accius",1996,209
"194","Lerema accius",1997,207
"195","Lerema accius",1998,227
"196","Lerema accius",1999,226
"197","Lerema accius",2000,225
"198","Lerema accius",2001,216
"199","Lerema accius",2002,215
"200","Lerema accius",2003,224
"201","Lerema accius",2004,248
"202","Lerema accius",2005,233
"203","Lerema accius",2006,232
"204","Lerema accius",2007,251
"205","Lerema accius",2008,223
"206","Lerema accius",2009,219
"207","Lerema accius",2010,218
"208","Lerema accius",2011,226
"209","Lerema accius",2012,231
"210","Lerema accius",2013,222
"211","Lerema accius",2014,227
"212","Lerema accius",2015,226
"213","Lerema accius",2016,232
"214","Lerema accius",2017,223
"215","Lerema accius",2018,231
"216","Lerema accius",2019,215
"217","Lerema accius",2020,222
"221","Phoebis sennae",1993,145
"222","Phoebis sennae",1994,176
"223","Phoebis sennae",1995,196
"224","Phoebis sennae",1996,228
"225","Phoebis sennae",1997,223
"226","Phoebis sennae",1998,149
"227","Phoebis sennae",1999,98
"228","Phoebis sennae",2000,232
"229","Phoebis sennae",2001,224
"230","Phoebis sennae",2002,229
"231","Phoebis sennae",2003,266
"232","Phoebis sennae",2004,172
"233","Phoebis sennae",2005,233
"234","Phoebis sennae",2006,225
"235","Phoebis sennae",2007,215
"236","Phoebis sennae",2008,167
"237","Phoebis sennae",2009,219
"238","Phoebis sennae",2010,227
"239","Phoebis sennae",2011,226
"240","Phoebis sennae",2012,230
"241","Phoebis sennae",2013,230
"242","Phoebis sennae",2014,229
"243","Phoebis sennae",2015,226
"244","Phoebis sennae",2016,234
"245","Phoebis sennae",2017,176
"246","Phoebis sennae",2018,231
"247","Phoebis sennae",2019,228
"248","Phoebis sennae",2020,229
"252","Junonia coenia",1993,177
"253","Junonia coenia",1994,247
"254","Junonia coenia",1995,206
"255","Junonia coenia",1996,209
"256","Junonia coenia",1997,207
"257","Junonia coenia",1998,198
"258","Junonia coenia",1999,226
"259","Junonia coenia",2000,211
"260","Junonia coenia",2001,214
"261","Junonia coenia",2002,215
"262","Junonia coenia",2003,221
"263","Junonia coenia",2004,126
"264","Junonia coenia",2005,228
"265","Junonia coenia",2006,209
"266","Junonia coenia",2007,174
"267","Junonia coenia",2008,173
"268","Junonia coenia",2009,206
"269","Junonia coenia",2010,216
"270","Junonia coenia",2011,226
"271","Junonia coenia",2012,162
"272","Junonia coenia",2013,209
"273","Junonia coenia",2014,218
"274","Junonia coenia",2015,194
"275","Junonia coenia",2016,148
"276","Junonia coenia",2017,120
"277","Junonia coenia",2018,202
"278","Junonia coenia",2019,185
"279","Junonia coenia",2020,179
"283","Pyrgus communis",1993,237
"284","Pyrgus communis",1994,255
"285","Pyrgus communis",1995,278
"286","Pyrgus communis",1996,209
"287","Pyrgus communis",1997,97
"288","Pyrgus communis",1998,227
"289","Pyrgus communis",1999,98
"290","Pyrgus communis",2000,101
"291","Pyrgus communis",2001,216
"292","Pyrgus communis",2002,74
"293","Pyrgus communis",2003,229
"294","Pyrgus communis",2004,115
"295","Pyrgus communis",2005,233
"296","Pyrgus communis",2006,209
"297","Pyrgus communis",2007,265
"298","Pyrgus communis",2008,124
"299","Pyrgus communis",2009,207
"300","Pyrgus communis",2010,227
"301","Pyrgus communis",2011,226
"302","Pyrgus communis",2012,231
"303","Pyrgus communis",2013,201
"304","Pyrgus communis",2014,229
"305","Pyrgus communis",2015,164
"306","Pyrgus communis",2016,232
"307","Pyrgus communis",2017,223
"308","Pyrgus communis",2018,231
"309","Pyrgus communis",2019,228
"310","Pyrgus communis",2020,236
"313","Polites origenes",1992,262
"314","Polites origenes",1993,157
"315","Polites origenes",1994,225
"316","Polites origenes",1995,141
"317","Polites origenes",1996,148
"318","Polites origenes",1997,144
"319","Polites origenes",1998,144
"320","Polites origenes",1999,150
"321","Polites origenes",2000,144
"322","Polites origenes",2001,144
"323","Polites origenes",2002,143
"324","Polites origenes",2003,149
"325","Polites origenes",2004,146
"326","Polites origenes",2005,233
"327","Polites origenes",2006,157
"328","Polites origenes",2007,145
"329","Polites origenes",2008,146
"330","Polites origenes",2009,152
"331","Polites origenes",2010,148
"332","Polites origenes",2011,190
"333","Polites origenes",2012,136
"334","Polites origenes",2013,177
"335","Polites origenes",2014,229
"336","Polites origenes",2015,165
"337","Polites origenes",2016,218
"338","Polites origenes",2017,215
"339","Polites origenes",2018,228
"340","Polites origenes",2019,228
"341","Polites origenes",2020,152
"343","Euphyes vestris",1991,155
"345","Euphyes vestris",1993,157
"346","Euphyes vestris",1994,186
"347","Euphyes vestris",1995,154
"348","Euphyes vestris",1996,164
"349","Euphyes vestris",1997,207
"350","Euphyes vestris",1998,144
"351","Euphyes vestris",1999,150
"352","Euphyes vestris",2000,202
"353","Euphyes vestris",2001,156
"354","Euphyes vestris",2002,213
"355","Euphyes vestris",2003,218
"356","Euphyes vestris",2004,137
"357","Euphyes vestris",2005,146
"358","Euphyes vestris",2006,209
"359","Euphyes vestris",2007,153
"360","Euphyes vestris",2008,185
"361","Euphyes vestris",2009,157
"362","Euphyes vestris",2010,148
"363","Euphyes vestris",2011,226
"364","Euphyes vestris",2012,196
"365","Euphyes vestris",2013,208
"366","Euphyes vestris",2014,174
"367","Euphyes vestris",2015,218
"368","Euphyes vestris",2016,205
"369","Euphyes vestris",2017,148
"370","Euphyes vestris",2018,217
"371","Euphyes vestris",2019,206
"372","Euphyes vestris",2020,180
"376","Polygonia comma",1993,31
"377","Polygonia comma",1994,65
"378","Polygonia comma",1995,84
"379","Polygonia comma",1996,85
"380","Polygonia comma",1997,64
"381","Polygonia comma",1998,95
"382","Polygonia comma",1999,76
"383","Polygonia comma",2000,71
"384","Polygonia comma",2001,57
"385","Polygonia comma",2002,89
"386","Polygonia comma",2003,81
"387","Polygonia comma",2004,60
"388","Polygonia comma",2005,83
"389","Polygonia comma",2006,47
"390","Polygonia comma",2007,81
"391","Polygonia comma",2008,124
"392","Polygonia comma",2009,136
"393","Polygonia comma",2010,68
"394","Polygonia comma",2011,71
"395","Polygonia comma",2012,125
"396","Polygonia comma",2013,116
"397","Polygonia comma",2014,61
"398","Polygonia comma",2015,133
"399","Polygonia comma",2016,128
"400","Polygonia comma",2017,66
"401","Polygonia comma",2018,107
"402","Polygonia comma",2019,82
"403","Polygonia comma",2020,93
"407","Cupido comyntas",1993,115
"408","Cupido comyntas",1994,127
"409","Cupido comyntas",1995,125
"410","Cupido comyntas",1996,136
"411","Cupido comyntas",1997,110
"412","Cupido comyntas",1998,125
"413","Cupido comyntas",1999,98
"414","Cupido comyntas",2000,102
"415","Cupido comyntas",2001,119
"416","Cupido comyntas",2002,190
"417","Cupido comyntas",2003,119
"418","Cupido comyntas",2004,107
"419","Cupido comyntas",2005,121
"420","Cupido comyntas",2006,105
"421","Cupido comyntas",2007,145
"422","Cupido comyntas",2008,109
"423","Cupido comyntas",2009,152
"424","Cupido comyntas",2010,116
"425","Cupido comyntas",2011,141
"426","Cupido comyntas",2012,132
"427","Cupido comyntas",2013,111
"428","Cupido comyntas",2014,152
"429","Cupido comyntas",2015,123
"430","Cupido comyntas",2016,148
"431","Cupido comyntas",2017,111
"432","Cupido comyntas",2018,183
"433","Cupido comyntas",2019,194
"434","Cupido comyntas",2020,214
"438","Papilio glaucus",1993,95
"439","Papilio glaucus",1994,95
"440","Papilio glaucus",1995,128
"441","Papilio glaucus",1996,105
"442","Papilio glaucus",1997,89
"443","Papilio glaucus",1998,92
"444","Papilio glaucus",1999,92
"445","Papilio glaucus",2000,205
"446","Papilio glaucus",2001,89
"447","Papilio glaucus",2002,190
"448","Papilio glaucus",2003,96
"449","Papilio glaucus",2004,98
"450","Papilio glaucus",2005,132
"451","Papilio glaucus",2006,99
"452","Papilio glaucus",2007,85
"453","Papilio glaucus",2008,95
"454","Papilio glaucus",2009,106
"455","Papilio glaucus",2010,148
"456","Papilio glaucus",2011,94
"457","Papilio glaucus",2012,203
"458","Papilio glaucus",2013,129
"459","Papilio glaucus",2014,103
"460","Papilio glaucus",2015,206
"461","Papilio glaucus",2016,114
"462","Papilio glaucus",2017,87
"463","Papilio glaucus",2018,171
"464","Papilio glaucus",2019,121
"465","Papilio glaucus",2020,185
"469","Anthocharis midea",1993,74
"470","Anthocharis midea",1994,74
"471","Anthocharis midea",1995,75
"472","Anthocharis midea",1996,76
"473","Anthocharis midea",1997,72
"474","Anthocharis midea",1998,79
"475","Anthocharis midea",1999,83
"476","Anthocharis midea",2000,69
"477","Anthocharis midea",2001,76
"478","Anthocharis midea",2002,73
"479","Anthocharis midea",2003,84
"480","Anthocharis midea",2004,74
"481","Anthocharis midea",2005,88
"482","Anthocharis midea",2006,71
"483","Anthocharis midea",2007,82
"484","Anthocharis midea",2008,73
"485","Anthocharis midea",2009,78
"486","Anthocharis midea",2010,84
"487","Anthocharis midea",2011,72
"488","Anthocharis midea",2012,67
"489","Anthocharis midea",2013,91
"490","Anthocharis midea",2014,87
"491","Anthocharis midea",2015,82
"492","Anthocharis midea",2016,71
"493","Anthocharis midea",2017,55
"494","Anthocharis midea",2018,77
"495","Anthocharis midea",2019,83
"496","Anthocharis midea",2020,80
"499","Hylephila phyleus",1992,215
"500","Hylephila phyleus",1993,177
"501","Hylephila phyleus",1994,248
"502","Hylephila phyleus",1995,211
"503","Hylephila phyleus",1996,209
"504","Hylephila phyleus",1997,207
"505","Hylephila phyleus",1998,199
"506","Hylephila phyleus",1999,205
"507","Hylephila phyleus",2000,211
"508","Hylephila phyleus",2001,216
"509","Hylephila phyleus",2002,199
"510","Hylephila phyleus",2003,221
"511","Hylephila phyleus",2004,197
"512","Hylephila phyleus",2005,233
"513","Hylephila phyleus",2006,209
"514","Hylephila phyleus",2007,215
"515","Hylephila phyleus",2008,221
"516","Hylephila phyleus",2009,214
"517","Hylephila phyleus",2010,226
"518","Hylephila phyleus",2011,226
"519","Hylephila phyleus",2012,196
"520","Hylephila phyleus",2013,209
"521","Hylephila phyleus",2014,227
"522","Hylephila phyleus",2015,223
"523","Hylephila phyleus",2016,187
"524","Hylephila phyleus",2017,206
"525","Hylephila phyleus",2018,207
"526","Hylephila phyleus",2019,201
"527","Hylephila phyleus",2020,221
"530","Cyllopsis gemma",1992,215
"531","Cyllopsis gemma",1993,115
"532","Cyllopsis gemma",1994,100
"533","Cyllopsis gemma",1995,98
"534","Cyllopsis gemma",1996,105
"535","Cyllopsis gemma",1997,89
"536","Cyllopsis gemma",1998,111
"537","Cyllopsis gemma",1999,97
"538","Cyllopsis gemma",2000,103
"539","Cyllopsis gemma",2001,98
"540","Cyllopsis gemma",2002,104
"541","Cyllopsis gemma",2003,96
"542","Cyllopsis gemma",2004,107
"543","Cyllopsis gemma",2005,96
"544","Cyllopsis gemma",2006,95
"545","Cyllopsis gemma",2007,91
"546","Cyllopsis gemma",2008,101
"547","Cyllopsis gemma",2009,108
"548","Cyllopsis gemma",2010,101
"549","Cyllopsis gemma",2011,119
"550","Cyllopsis gemma",2012,85
"551","Cyllopsis gemma",2013,128
"552","Cyllopsis gemma",2014,112
"553","Cyllopsis gemma",2015,172
"554","Cyllopsis gemma",2016,88
"555","Cyllopsis gemma",2017,91
"556","Cyllopsis gemma",2018,92
"557","Cyllopsis gemma",2019,128
"558","Cyllopsis gemma",2020,213
"561","Strymon melinus",1992,215
"562","Strymon melinus",1993,135
"563","Strymon melinus",1994,145
"564","Strymon melinus",1995,166
"565","Strymon melinus",1996,197
"566","Strymon melinus",1997,173
"567","Strymon melinus",1998,149
"568","Strymon melinus",1999,205
"569","Strymon melinus",2000,152
"570","Strymon melinus",2001,212
"571","Strymon melinus",2002,208
"572","Strymon melinus",2003,160
"573","Strymon melinus",2004,89
"574","Strymon melinus",2005,205
"575","Strymon melinus",2006,209
"576","Strymon melinus",2007,215
"577","Strymon melinus",2008,184
"578","Strymon melinus",2009,200
"579","Strymon melinus",2010,150
"580","Strymon melinus",2011,214
"581","Strymon melinus",2012,162
"582","Strymon melinus",2013,203
"583","Strymon melinus",2014,189
"584","Strymon melinus",2015,165
"585","Strymon melinus",2016,161
"586","Strymon melinus",2017,152
"587","Strymon melinus",2018,178
"588","Strymon melinus",2019,191
"589","Strymon melinus",2020,214
"593","Speyeria cybele",1993,157
"595","Speyeria cybele",1995,142
"596","Speyeria cybele",1996,154
"598","Speyeria cybele",1998,149
"599","Speyeria cybele",1999,168
"600","Speyeria cybele",2000,152
"601","Speyeria cybele",2001,147
"602","Speyeria cybele",2002,143
"603","Speyeria cybele",2003,172
"604","Speyeria cybele",2004,137
"605","Speyeria cybele",2005,149
"606","Speyeria cybele",2006,147
"607","Speyeria cybele",2007,145
"608","Speyeria cybele",2008,137
"609","Speyeria cybele",2009,152
"610","Speyeria cybele",2010,136
"611","Speyeria cybele",2011,138
"612","Speyeria cybele",2012,135
"613","Speyeria cybele",2013,142
"614","Speyeria cybele",2014,156
"615","Speyeria cybele",2015,142
"616","Speyeria cybele",2016,136
"617","Speyeria cybele",2017,130
"618","Speyeria cybele",2018,134
"619","Speyeria cybele",2019,128
"620","Speyeria cybele",2020,154
"622","Asterocampa celtis",1991,155
"623","Asterocampa celtis",1992,201
"624","Asterocampa celtis",1993,145
"625","Asterocampa celtis",1994,135
"626","Asterocampa celtis",1995,203
"627","Asterocampa celtis",1996,140
"628","Asterocampa celtis",1997,165
"629","Asterocampa celtis",1998,138
"630","Asterocampa celtis",1999,138
"631","Asterocampa celtis",2000,148
"632","Asterocampa celtis",2001,154
"633","Asterocampa celtis",2002,132
"634","Asterocampa celtis",2003,149
"635","Asterocampa celtis",2004,140
"636","Asterocampa celtis",2005,170
"637","Asterocampa celtis",2006,209
"638","Asterocampa celtis",2007,188
"639","Asterocampa celtis",2008,162
"640","Asterocampa celtis",2009,165
"641","Asterocampa celtis",2010,140
"642","Asterocampa celtis",2011,143
"643","Asterocampa celtis",2012,231
"644","Asterocampa celtis",2013,180
"645","Asterocampa celtis",2014,151
"646","Asterocampa celtis",2015,143
"647","Asterocampa celtis",2016,209
"648","Asterocampa celtis",2017,178
"649","Asterocampa celtis",2018,209
"650","Asterocampa celtis",2019,208
"651","Asterocampa celtis",2020,213
"654","Erynnis horatius",1992,186
"655","Erynnis horatius",1993,145
"656","Erynnis horatius",1994,176
"657","Erynnis horatius",1995,196
"658","Erynnis horatius",1996,177
"659","Erynnis horatius",1997,110
"660","Erynnis horatius",1998,179
"661","Erynnis horatius",1999,198
"662","Erynnis horatius",2000,159
"663","Erynnis horatius",2001,140
"664","Erynnis horatius",2002,166
"665","Erynnis horatius",2003,202
"666","Erynnis horatius",2004,125
"667","Erynnis horatius",2005,205
"668","Erynnis horatius",2006,166
"669","Erynnis horatius",2007,157
"670","Erynnis horatius",2008,171
"671","Erynnis horatius",2009,172
"672","Erynnis horatius",2010,177
"673","Erynnis horatius",2011,208
"674","Erynnis horatius",2012,160
"675","Erynnis horatius",2013,187
"676","Erynnis horatius",2014,185
"677","Erynnis horatius",2015,176
"678","Erynnis horatius",2016,177
"679","Erynnis horatius",2017,148
"680","Erynnis horatius",2018,174
"681","Erynnis horatius",2019,185
"682","Erynnis horatius",2020,208
"686","Erynnis juvenalis",1993,84
"687","Erynnis juvenalis",1994,79
"688","Erynnis juvenalis",1995,79
"689","Erynnis juvenalis",1996,96
"690","Erynnis juvenalis",1997,82
"691","Erynnis juvenalis",1998,86
"692","Erynnis juvenalis",1999,87
"693","Erynnis juvenalis",2000,83
"694","Erynnis juvenalis",2001,89
"695","Erynnis juvenalis",2002,84
"696","Erynnis juvenalis",2003,94
"697","Erynnis juvenalis",2004,85
"698","Erynnis juvenalis",2005,89
"699","Erynnis juvenalis",2006,72
"700","Erynnis juvenalis",2007,83
"701","Erynnis juvenalis",2008,93
"702","Erynnis juvenalis",2009,88
"703","Erynnis juvenalis",2010,94
"704","Erynnis juvenalis",2011,78
"705","Erynnis juvenalis",2012,77
"706","Erynnis juvenalis",2013,96
"707","Erynnis juvenalis",2014,91
"708","Erynnis juvenalis",2015,101
"709","Erynnis juvenalis",2016,77
"710","Erynnis juvenalis",2017,80
"711","Erynnis juvenalis",2018,88
"712","Erynnis juvenalis",2019,84
"713","Erynnis juvenalis",2020,80
"717","Ancyloxypha numitor",1993,177
"718","Ancyloxypha numitor",1994,237
"719","Ancyloxypha numitor",1995,203
"720","Ancyloxypha numitor",1996,154
"721","Ancyloxypha numitor",1997,144
"722","Ancyloxypha numitor",1998,137
"723","Ancyloxypha numitor",1999,150
"724","Ancyloxypha numitor",2000,211
"725","Ancyloxypha numitor",2001,138
"726","Ancyloxypha numitor",2002,215
"727","Ancyloxypha numitor",2003,194
"728","Ancyloxypha numitor",2004,137
"729","Ancyloxypha numitor",2005,233
"730","Ancyloxypha numitor",2006,232
"731","Ancyloxypha numitor",2007,188
"732","Ancyloxypha numitor",2008,221
"733","Ancyloxypha numitor",2009,183
"734","Ancyloxypha numitor",2010,136
"735","Ancyloxypha numitor",2011,142
"736","Ancyloxypha numitor",2012,189
"737","Ancyloxypha numitor",2013,180
"738","Ancyloxypha numitor",2014,209
"739","Ancyloxypha numitor",2015,176
"740","Ancyloxypha numitor",2016,152
"741","Ancyloxypha numitor",2017,137
"742","Ancyloxypha numitor",2018,160
"743","Ancyloxypha numitor",2019,206
"744","Ancyloxypha numitor",2020,219
"747","Pompeius verna",1992,215
"748","Pompeius verna",1993,145
"749","Pompeius verna",1994,145
"750","Pompeius verna",1995,154
"751","Pompeius verna",1996,148
"752","Pompeius verna",1997,207
"753","Pompeius verna",1998,144
"754","Pompeius verna",1999,150
"755","Pompeius verna",2000,211
"756","Pompeius verna",2001,155
"757","Pompeius verna",2002,143
"758","Pompeius verna",2003,202
"759","Pompeius verna",2004,140
"760","Pompeius verna",2005,155
"761","Pompeius verna",2006,211
"762","Pompeius verna",2007,157
"763","Pompeius verna",2008,221
"764","Pompeius verna",2009,152
"765","Pompeius verna",2010,136
"766","Pompeius verna",2011,224
"767","Pompeius verna",2012,196
"768","Pompeius verna",2013,230
"769","Pompeius verna",2014,224
"770","Pompeius verna",2015,218
"771","Pompeius verna",2016,201
"772","Pompeius verna",2017,155
"773","Pompeius verna",2018,156
"774","Pompeius verna",2019,208
"775","Pompeius verna",2020,220
"779","Megisto cymela",1993,145
"780","Megisto cymela",1994,134
"781","Megisto cymela",1995,135
"782","Megisto cymela",1996,148
"783","Megisto cymela",1997,144
"784","Megisto cymela",1998,137
"785","Megisto cymela",1999,139
"786","Megisto cymela",2000,139
"787","Megisto cymela",2001,143
"788","Megisto cymela",2002,125
"789","Megisto cymela",2003,149
"790","Megisto cymela",2004,137
"791","Megisto cymela",2005,155
"792","Megisto cymela",2006,136
"793","Megisto cymela",2007,133
"794","Megisto cymela",2008,142
"795","Megisto cymela",2009,140
"796","Megisto cymela",2010,133
"797","Megisto cymela",2011,142
"798","Megisto cymela",2012,127
"799","Megisto cymela",2013,139
"800","Megisto cymela",2014,132
"801","Megisto cymela",2015,143
"802","Megisto cymela",2016,136
"803","Megisto cymela",2017,140
"804","Megisto cymela",2018,145
"805","Megisto cymela",2019,174
"806","Megisto cymela",2020,143
"810","Danaus plexippus",1993,115
"811","Danaus plexippus",1994,117
"812","Danaus plexippus",1995,135
"813","Danaus plexippus",1996,218
"814","Danaus plexippus",1997,110
"815","Danaus plexippus",1998,129
"816","Danaus plexippus",1999,226
"817","Danaus plexippus",2000,223
"818","Danaus plexippus",2001,224
"819","Danaus plexippus",2002,229
"820","Danaus plexippus",2003,221
"821","Danaus plexippus",2004,172
"822","Danaus plexippus",2005,228
"823","Danaus plexippus",2006,225
"824","Danaus plexippus",2007,215
"825","Danaus plexippus",2008,221
"826","Danaus plexippus",2009,228
"827","Danaus plexippus",2010,216
"828","Danaus plexippus",2011,226
"829","Danaus plexippus",2012,230
"830","Danaus plexippus",2013,189
"831","Danaus plexippus",2014,229
"832","Danaus plexippus",2015,190
"833","Danaus plexippus",2016,163
"834","Danaus plexippus",2017,148
"835","Danaus plexippus",2018,165
"836","Danaus plexippus",2019,228
"837","Danaus plexippus",2020,221
"844","Lethe anthedon",1996,209
"845","Lethe anthedon",1997,207
"846","Lethe anthedon",1998,144
"847","Lethe anthedon",1999,164
"848","Lethe anthedon",2000,211
"849","Lethe anthedon",2001,156
"850","Lethe anthedon",2002,132
"851","Lethe anthedon",2003,149
"852","Lethe anthedon",2004,140
"853","Lethe anthedon",2005,155
"854","Lethe anthedon",2006,225
"855","Lethe anthedon",2007,147
"856","Lethe anthedon",2008,221
"857","Lethe anthedon",2009,213
"858","Lethe anthedon",2010,136
"859","Lethe anthedon",2011,213
"860","Lethe anthedon",2012,126
"861","Lethe anthedon",2013,230
"862","Lethe anthedon",2014,153
"863","Lethe anthedon",2015,162
"864","Lethe anthedon",2016,134
"865","Lethe anthedon",2017,187
"866","Lethe anthedon",2018,189
"867","Lethe anthedon",2019,227
"868","Lethe anthedon",2020,215
"871","Panoquina ocola",1992,215
"872","Panoquina ocola",1993,191
"873","Panoquina ocola",1994,217
"874","Panoquina ocola",1995,217
"875","Panoquina ocola",1996,209
"876","Panoquina ocola",1997,207
"877","Panoquina ocola",1998,207
"878","Panoquina ocola",1999,205
"879","Panoquina ocola",2000,214
"880","Panoquina ocola",2001,224
"881","Panoquina ocola",2002,220
"882","Panoquina ocola",2003,222
"883","Panoquina ocola",2004,255
"884","Panoquina ocola",2005,233
"885","Panoquina ocola",2006,211
"886","Panoquina ocola",2007,273
"887","Panoquina ocola",2008,221
"888","Panoquina ocola",2009,213
"889","Panoquina ocola",2010,247
"890","Panoquina ocola",2011,208
"891","Panoquina ocola",2012,231
"892","Panoquina ocola",2013,230
"893","Panoquina ocola",2014,227
"894","Panoquina ocola",2015,206
"895","Panoquina ocola",2016,218
"896","Panoquina ocola",2017,223
"897","Panoquina ocola",2018,228
"898","Panoquina ocola",2019,191
"899","Panoquina ocola",2020,229
"903","Colias eurytheme",1993,105
"904","Colias eurytheme",1994,166
"905","Colias eurytheme",1995,156
"906","Colias eurytheme",1996,209
"907","Colias eurytheme",1997,144
"908","Colias eurytheme",1998,144
"909","Colias eurytheme",1999,92
"910","Colias eurytheme",2000,70
"911","Colias eurytheme",2001,119
"912","Colias eurytheme",2002,73
"913","Colias eurytheme",2003,133
"914","Colias eurytheme",2004,125
"915","Colias eurytheme",2005,121
"916","Colias eurytheme",2006,92
"917","Colias eurytheme",2007,160
"918","Colias eurytheme",2008,143
"919","Colias eurytheme",2009,143
"920","Colias eurytheme",2010,150
"921","Colias eurytheme",2011,137
"922","Colias eurytheme",2012,75
"923","Colias eurytheme",2013,107
"924","Colias eurytheme",2014,99
"925","Colias eurytheme",2015,129
"926","Colias eurytheme",2016,122
"927","Colias eurytheme",2017,119
"928","Colias eurytheme",2018,134
"929","Colias eurytheme",2019,144
"930","Colias eurytheme",2020,125
"934","Phyciodes tharos",1993,156
"935","Phyciodes tharos",1994,115
"936","Phyciodes tharos",1995,128
"937","Phyciodes tharos",1996,126
"938","Phyciodes tharos",1997,131
"939","Phyciodes tharos",1998,125
"940","Phyciodes tharos",1999,126
"941","Phyciodes tharos",2000,114
"942","Phyciodes tharos",2001,119
"943","Phyciodes tharos",2002,201
"944","Phyciodes tharos",2003,122
"945","Phyciodes tharos",2004,116
"946","Phyciodes tharos",2005,121
"947","Phyciodes tharos",2006,110
"948","Phyciodes tharos",2007,126
"949","Phyciodes tharos",2008,124
"950","Phyciodes tharos",2009,172
"951","Phyciodes tharos",2010,218
"952","Phyciodes tharos",2011,214
"953","Phyciodes tharos",2012,120
"954","Phyciodes tharos",2013,200
"955","Phyciodes tharos",2014,180
"956","Phyciodes tharos",2015,163
"957","Phyciodes tharos",2016,160
"958","Phyciodes tharos",2017,99
"959","Phyciodes tharos",2018,121
"960","Phyciodes tharos",2019,121
"961","Phyciodes tharos",2020,222
"965","Battus philenor",1993,122
"966","Battus philenor",1994,117
"967","Battus philenor",1995,98
"968","Battus philenor",1996,126
"969","Battus philenor",1997,110
"970","Battus philenor",1998,114
"971","Battus philenor",1999,98
"972","Battus philenor",2000,111
"973","Battus philenor",2001,119
"974","Battus philenor",2002,95
"975","Battus philenor",2003,87
"976","Battus philenor",2004,109
"977","Battus philenor",2005,101
"978","Battus philenor",2006,133
"979","Battus philenor",2007,173
"980","Battus philenor",2008,163
"981","Battus philenor",2009,140
"982","Battus philenor",2010,101
"983","Battus philenor",2011,218
"984","Battus philenor",2012,126
"985","Battus philenor",2013,116
"986","Battus philenor",2014,163
"987","Battus philenor",2015,162
"988","Battus philenor",2016,134
"989","Battus philenor",2017,118
"990","Battus philenor",2018,166
"991","Battus philenor",2019,110
"992","Battus philenor",2020,222
"996","Polygonia interrogationis",1993,74
"997","Polygonia interrogationis",1994,84
"998","Polygonia interrogationis",1995,98
"999","Polygonia interrogationis",1996,96
"1000","Polygonia interrogationis",1997,67
"1001","Polygonia interrogationis",1998,88
"1002","Polygonia interrogationis",1999,42
"1003","Polygonia interrogationis",2000,132
"1004","Polygonia interrogationis",2001,57
"1005","Polygonia interrogationis",2002,75
"1006","Polygonia interrogationis",2003,119
"1007","Polygonia interrogationis",2004,64
"1008","Polygonia interrogationis",2005,89
"1009","Polygonia interrogationis",2006,59
"1010","Polygonia interrogationis",2007,82
"1011","Polygonia interrogationis",2008,80
"1012","Polygonia interrogationis",2009,108
"1013","Polygonia interrogationis",2010,90
"1014","Polygonia interrogationis",2011,82
"1015","Polygonia interrogationis",2012,86
"1016","Polygonia interrogationis",2013,142
"1017","Polygonia interrogationis",2014,91
"1018","Polygonia interrogationis",2015,136
"1019","Polygonia interrogationis",2016,78
"1020","Polygonia interrogationis",2017,81
"1021","Polygonia interrogationis",2018,92
"1022","Polygonia interrogationis",2019,127
"1023","Polygonia interrogationis",2020,95
"1025","Calycopis cecrops",1991,131
"1026","Calycopis cecrops",1992,215
"1027","Calycopis cecrops",1993,135
"1028","Calycopis cecrops",1994,117
"1029","Calycopis cecrops",1995,111
"1030","Calycopis cecrops",1996,209
"1031","Calycopis cecrops",1997,110
"1032","Calycopis cecrops",1998,144
"1033","Calycopis cecrops",1999,139
"1034","Calycopis cecrops",2000,113
"1035","Calycopis cecrops",2001,119
"1036","Calycopis cecrops",2002,215
"1037","Calycopis cecrops",2003,202
"1038","Calycopis cecrops",2004,109
"1039","Calycopis cecrops",2005,123
"1040","Calycopis cecrops",2006,211
"1041","Calycopis cecrops",2007,108
"1042","Calycopis cecrops",2008,124
"1043","Calycopis cecrops",2009,120
"1044","Calycopis cecrops",2010,129
"1045","Calycopis cecrops",2011,184
"1046","Calycopis cecrops",2012,174
"1047","Calycopis cecrops",2013,200
"1048","Calycopis cecrops",2014,243
"1049","Calycopis cecrops",2015,177
"1050","Calycopis cecrops",2016,201
"1051","Calycopis cecrops",2017,161
"1052","Calycopis cecrops",2018,147
"1053","Calycopis cecrops",2019,110
"1054","Calycopis cecrops",2020,222
"1058","Limenitis arthemis astyanax",1993,135
"1059","Limenitis arthemis astyanax",1994,135
"1060","Limenitis arthemis astyanax",1995,128
"1061","Limenitis arthemis astyanax",1996,140
"1062","Limenitis arthemis astyanax",1997,122
"1063","Limenitis arthemis astyanax",1998,124
"1064","Limenitis arthemis astyanax",1999,99
"1065","Limenitis arthemis astyanax",2000,193
"1066","Limenitis arthemis astyanax",2001,155
"1067","Limenitis arthemis astyanax",2002,153
"1068","Limenitis arthemis astyanax",2003,133
"1069","Limenitis arthemis astyanax",2004,126
"1070","Limenitis arthemis astyanax",2005,200
"1071","Limenitis arthemis astyanax",2006,126
"1072","Limenitis arthemis astyanax",2007,140
"1073","Limenitis arthemis astyanax",2008,136
"1074","Limenitis arthemis astyanax",2009,134
"1075","Limenitis arthemis astyanax",2010,134
"1076","Limenitis arthemis astyanax",2011,127
"1077","Limenitis arthemis astyanax",2012,125
"1078","Limenitis arthemis astyanax",2013,222
"1079","Limenitis arthemis astyanax",2014,199
"1080","Limenitis arthemis astyanax",2015,143
"1081","Limenitis arthemis astyanax",2016,219
"1082","Limenitis arthemis astyanax",2017,175
"1083","Limenitis arthemis astyanax",2018,185
"1084","Limenitis arthemis astyanax",2019,174
"1085","Limenitis arthemis astyanax",2020,222
"1088","Vanessa atalanta",1992,215
"1089","Vanessa atalanta",1993,156
"1090","Vanessa atalanta",1994,117
"1091","Vanessa atalanta",1995,117
"1092","Vanessa atalanta",1996,126
"1093","Vanessa atalanta",1997,131
"1094","Vanessa atalanta",1998,129
"1095","Vanessa atalanta",1999,126
"1096","Vanessa atalanta",2000,143
"1097","Vanessa atalanta",2001,199
"1098","Vanessa atalanta",2002,97
"1099","Vanessa atalanta",2003,128
"1100","Vanessa atalanta",2004,119
"1101","Vanessa atalanta",2005,93
"1102","Vanessa atalanta",2006,115
"1103","Vanessa atalanta",2007,188
"1104","Vanessa atalanta",2008,109
"1105","Vanessa atalanta",2009,141
"1106","Vanessa atalanta",2010,133
"1107","Vanessa atalanta",2011,108
"1108","Vanessa atalanta",2012,120
"1109","Vanessa atalanta",2013,111
"1110","Vanessa atalanta",2014,164
"1111","Vanessa atalanta",2015,133
"1112","Vanessa atalanta",2016,128
"1113","Vanessa atalanta",2017,95
"1114","Vanessa atalanta",2018,125
"1115","Vanessa atalanta",2019,127
"1116","Vanessa atalanta",2020,99
"1120","Atalopedes campestris",1993,176
"1121","Atalopedes campestris",1994,247
"1122","Atalopedes campestris",1995,211
"1123","Atalopedes campestris",1996,209
"1124","Atalopedes campestris",1997,221
"1125","Atalopedes campestris",1998,193
"1126","Atalopedes campestris",1999,205
"1127","Atalopedes campestris",2000,225
"1128","Atalopedes campestris",2001,216
"1129","Atalopedes campestris",2002,215
"1130","Atalopedes campestris",2003,221
"1131","Atalopedes campestris",2004,152
"1132","Atalopedes campestris",2005,233
"1133","Atalopedes campestris",2006,218
"1134","Atalopedes campestris",2007,188
"1135","Atalopedes campestris",2008,221
"1136","Atalopedes campestris",2009,213
"1137","Atalopedes campestris",2010,218
"1138","Atalopedes campestris",2011,226
"1139","Atalopedes campestris",2012,183
"1140","Atalopedes campestris",2013,187
"1141","Atalopedes campestris",2014,227
"1142","Atalopedes campestris",2015,226
"1143","Atalopedes campestris",2016,162
"1144","Atalopedes campestris",2017,189
"1145","Atalopedes campestris",2018,227
"1146","Atalopedes campestris",2019,203
"1147","Atalopedes campestris",2020,221
"1151","Epargyreus clarus",1993,105
"1152","Epargyreus clarus",1994,125
"1153","Epargyreus clarus",1995,115
"1154","Epargyreus clarus",1996,157
"1155","Epargyreus clarus",1997,110
"1156","Epargyreus clarus",1998,144
"1157","Epargyreus clarus",1999,150
"1158","Epargyreus clarus",2000,197
"1159","Epargyreus clarus",2001,174
"1160","Epargyreus clarus",2002,136
"1161","Epargyreus clarus",2003,219
"1162","Epargyreus clarus",2004,130
"1163","Epargyreus clarus",2005,155
"1164","Epargyreus clarus",2006,158
"1165","Epargyreus clarus",2007,140
"1166","Epargyreus clarus",2008,213
"1167","Epargyreus clarus",2009,155
"1168","Epargyreus clarus",2010,136
"1169","Epargyreus clarus",2011,137
"1170","Epargyreus clarus",2012,132
"1171","Epargyreus clarus",2013,203
"1172","Epargyreus clarus",2014,174
"1173","Epargyreus clarus",2015,193
"1174","Epargyreus clarus",2016,122
"1175","Epargyreus clarus",2017,118
"1176","Epargyreus clarus",2018,180
"1177","Epargyreus clarus",2019,177
"1178","Epargyreus clarus",2020,173
"1180","Chlosyne nycteis",1991,187
"1181","Chlosyne nycteis",1992,201
"1182","Chlosyne nycteis",1993,176
"1183","Chlosyne nycteis",1994,127
"1187","Chlosyne nycteis",1998,196
"1188","Chlosyne nycteis",1999,128
"1189","Chlosyne nycteis",2000,232
"1190","Chlosyne nycteis",2001,134
"1191","Chlosyne nycteis",2002,208
"1192","Chlosyne nycteis",2003,192
"1193","Chlosyne nycteis",2004,126
"1194","Chlosyne nycteis",2005,138
"1195","Chlosyne nycteis",2006,120
"1196","Chlosyne nycteis",2007,127
"1197","Chlosyne nycteis",2008,124
"1198","Chlosyne nycteis",2009,186
"1199","Chlosyne nycteis",2010,121
"1200","Chlosyne nycteis",2011,127
"1201","Chlosyne nycteis",2012,126
"1202","Chlosyne nycteis",2013,130
"1203","Chlosyne nycteis",2014,131
"1204","Chlosyne nycteis",2015,228
"1205","Chlosyne nycteis",2016,232
"1206","Chlosyne nycteis",2017,111
"1207","Chlosyne nycteis",2018,134
"1208","Chlosyne nycteis",2019,127
"1209","Chlosyne nycteis",2020,119
"1213","Abaeis nicippe",1993,115
"1214","Abaeis nicippe",1994,196
"1215","Abaeis nicippe",1995,245
"1216","Abaeis nicippe",1996,209
"1217","Abaeis nicippe",1997,96
"1218","Abaeis nicippe",1998,88
"1219","Abaeis nicippe",1999,254
"1220","Abaeis nicippe",2000,70
"1221","Abaeis nicippe",2001,224
"1222","Abaeis nicippe",2002,228
"1223","Abaeis nicippe",2003,221
"1224","Abaeis nicippe",2004,107
"1225","Abaeis nicippe",2005,233
"1226","Abaeis nicippe",2006,115
"1227","Abaeis nicippe",2007,174
"1228","Abaeis nicippe",2008,101
"1229","Abaeis nicippe",2009,219
"1230","Abaeis nicippe",2010,227
"1231","Abaeis nicippe",2011,226
"1232","Abaeis nicippe",2012,230
"1233","Abaeis nicippe",2013,222
"1234","Abaeis nicippe",2014,225
"1235","Abaeis nicippe",2015,226
"1236","Abaeis nicippe",2016,232
"1237","Abaeis nicippe",2017,223
"1238","Abaeis nicippe",2018,228
"1239","Abaeis nicippe",2019,228
"1240","Abaeis nicippe",2020,229
"1244","Wallengrenia otho",1993,150
"1245","Wallengrenia otho",1994,166
"1246","Wallengrenia otho",1995,154
"1247","Wallengrenia otho",1996,148
"1248","Wallengrenia otho",1997,221
"1249","Wallengrenia otho",1998,151
"1250","Wallengrenia otho",1999,150
"1251","Wallengrenia otho",2000,211
"1252","Wallengrenia otho",2001,154
"1253","Wallengrenia otho",2002,143
"1254","Wallengrenia otho",2003,161
"1255","Wallengrenia otho",2004,137
"1256","Wallengrenia otho",2005,233
"1257","Wallengrenia otho",2006,209
"1258","Wallengrenia otho",2007,145
"1259","Wallengrenia otho",2008,221
"1260","Wallengrenia otho",2009,219
"1261","Wallengrenia otho",2010,150
"1262","Wallengrenia otho",2011,144
"1263","Wallengrenia otho",2012,135
"1264","Wallengrenia otho",2013,187
"1265","Wallengrenia otho",2014,158
"1266","Wallengrenia otho",2015,228
"1267","Wallengrenia otho",2016,151
"1268","Wallengrenia otho",2017,215
"1269","Wallengrenia otho",2018,228
"1270","Wallengrenia otho",2019,213
"1271","Wallengrenia otho",2020,152
"1274","Thorybes bathyllus",1992,215
"1275","Thorybes bathyllus",1993,156
"1276","Thorybes bathyllus",1994,127
"1277","Thorybes bathyllus",1995,154
"1278","Thorybes bathyllus",1996,148
"1279","Thorybes bathyllus",1997,207
"1280","Thorybes bathyllus",1998,129
"1281","Thorybes bathyllus",1999,150
"1282","Thorybes bathyllus",2000,127
"1283","Thorybes bathyllus",2001,143
"1284","Thorybes bathyllus",2002,132
"1285","Thorybes bathyllus",2003,194
"1286","Thorybes bathyllus",2004,126
"1287","Thorybes bathyllus",2005,155
"1288","Thorybes bathyllus",2006,158
"1289","Thorybes bathyllus",2007,118
"1290","Thorybes bathyllus",2008,177
"1291","Thorybes bathyllus",2009,138
"1292","Thorybes bathyllus",2010,134
"1293","Thorybes bathyllus",2011,142
"1294","Thorybes bathyllus",2012,121
"1295","Thorybes bathyllus",2013,108
"1296","Thorybes bathyllus",2014,163
"1297","Thorybes bathyllus",2015,123
"1298","Thorybes bathyllus",2016,205
"1299","Thorybes bathyllus",2017,136
"1300","Thorybes bathyllus",2018,200
"1301","Thorybes bathyllus",2019,202
"1302","Thorybes bathyllus",2020,152
"1306","Papilio troilus",1993,115
"1307","Papilio troilus",1994,127
"1308","Papilio troilus",1995,135
"1309","Papilio troilus",1996,133
"1310","Papilio troilus",1997,124
"1311","Papilio troilus",1998,95
"1312","Papilio troilus",1999,143
"1313","Papilio troilus",2000,134
"1314","Papilio troilus",2001,119
"1315","Papilio troilus",2002,190
"1316","Papilio troilus",2003,149
"1317","Papilio troilus",2004,125
"1318","Papilio troilus",2005,124
"1319","Papilio troilus",2006,149
"1320","Papilio troilus",2007,94
"1321","Papilio troilus",2008,136
"1322","Papilio troilus",2009,157
"1323","Papilio troilus",2010,136
"1324","Papilio troilus",2011,119
"1325","Papilio troilus",2012,94
"1326","Papilio troilus",2013,215
"1327","Papilio troilus",2014,126
"1328","Papilio troilus",2015,134
"1329","Papilio troilus",2016,99
"1330","Papilio troilus",2017,126
"1331","Papilio troilus",2018,151
"1332","Papilio troilus",2019,166
"1333","Papilio troilus",2020,180
"1337","Celastrina ladon",1993,74
"1338","Celastrina ladon",1994,74
"1339","Celastrina ladon",1995,74
"1340","Celastrina ladon",1996,76
"1341","Celastrina ladon",1997,68
"1342","Celastrina ladon",1998,64
"1343","Celastrina ladon",1999,88
"1344","Celastrina ladon",2000,71
"1345","Celastrina ladon",2001,70
"1346","Celastrina ladon",2002,73
"1347","Celastrina ladon",2003,81
"1348","Celastrina ladon",2004,79
"1349","Celastrina ladon",2005,88
"1350","Celastrina ladon",2006,72
"1351","Celastrina ladon",2007,70
"1352","Celastrina ladon",2008,66
"1353","Celastrina ladon",2009,78
"1354","Celastrina ladon",2010,78
"1355","Celastrina ladon",2011,64
"1356","Celastrina ladon",2012,61
"1357","Celastrina ladon",2013,116
"1358","Celastrina ladon",2014,70
"1359","Celastrina ladon",2015,75
"1360","Celastrina ladon",2016,72
"1361","Celastrina ladon",2017,43
"1362","Celastrina ladon",2018,56
"1364","Celastrina ladon",2020,57
"1367","Celastrina neglecta",1992,186
"1368","Celastrina neglecta",1993,125
"1369","Celastrina neglecta",1994,135
"1370","Celastrina neglecta",1995,135
"1371","Celastrina neglecta",1996,154
"1372","Celastrina neglecta",1997,139
"1373","Celastrina neglecta",1998,140
"1374","Celastrina neglecta",1999,135
"1375","Celastrina neglecta",2000,133
"1376","Celastrina neglecta",2001,138
"1377","Celastrina neglecta",2002,135
"1378","Celastrina neglecta",2003,136
"1379","Celastrina neglecta",2004,136
"1380","Celastrina neglecta",2005,83
"1381","Celastrina neglecta",2006,133
"1382","Celastrina neglecta",2007,126
"1383","Celastrina neglecta",2008,142
"1384","Celastrina neglecta",2009,141
"1385","Celastrina neglecta",2010,127
"1386","Celastrina neglecta",2011,72
"1387","Celastrina neglecta",2012,126
"1388","Celastrina neglecta",2013,142
"1389","Celastrina neglecta",2014,174
"1390","Celastrina neglecta",2015,135
"1391","Celastrina neglecta",2016,122
"1392","Celastrina neglecta",2017,81
"1393","Celastrina neglecta",2018,167
"1394","Celastrina neglecta",2019,127
"1395","Celastrina neglecta",2020,87
"1398","Nastra lherminier",1992,215
"1399","Nastra lherminier",1993,156
"1400","Nastra lherminier",1994,217
"1401","Nastra lherminier",1995,154
"1402","Nastra lherminier",1996,209
"1403","Nastra lherminier",1997,207
"1404","Nastra lherminier",1998,144
"1405","Nastra lherminier",1999,150
"1406","Nastra lherminier",2000,211
"1407","Nastra lherminier",2001,140
"1408","Nastra lherminier",2002,132
"1409","Nastra lherminier",2003,172
"1410","Nastra lherminier",2004,146
"1411","Nastra lherminier",2005,233
"1412","Nastra lherminier",2006,209
"1413","Nastra lherminier",2007,215
"1414","Nastra lherminier",2008,221
"1415","Nastra lherminier",2009,219
"1416","Nastra lherminier",2010,218
"1417","Nastra lherminier",2011,143
"1418","Nastra lherminier",2012,131
"1419","Nastra lherminier",2013,230
"1420","Nastra lherminier",2014,227
"1421","Nastra lherminier",2015,218
"1422","Nastra lherminier",2016,205
"1423","Nastra lherminier",2017,178
"1424","Nastra lherminier",2018,169
"1425","Nastra lherminier",2019,208
"1426","Nastra lherminier",2020,152
"1430","Euptoieta claudia",1993,186
"1431","Euptoieta claudia",1994,247
"1432","Euptoieta claudia",1995,203
"1433","Euptoieta claudia",1996,133
"1434","Euptoieta claudia",1997,207
"1435","Euptoieta claudia",1998,165
"1436","Euptoieta claudia",1999,226
"1437","Euptoieta claudia",2000,129
"1438","Euptoieta claudia",2001,154
"1439","Euptoieta claudia",2002,229
"1440","Euptoieta claudia",2003,221
"1441","Euptoieta claudia",2004,172
"1442","Euptoieta claudia",2005,184
"1443","Euptoieta claudia",2006,209
"1444","Euptoieta claudia",2007,160
"1445","Euptoieta claudia",2008,173
"1446","Euptoieta claudia",2009,157
"1447","Euptoieta claudia",2010,178
"1448","Euptoieta claudia",2011,198
"1449","Euptoieta claudia",2012,132
"1450","Euptoieta claudia",2013,208
"1451","Euptoieta claudia",2014,185
"1452","Euptoieta claudia",2015,164
"1453","Euptoieta claudia",2016,161
"1454","Euptoieta claudia",2017,123
"1455","Euptoieta claudia",2018,158
"1456","Euptoieta claudia",2019,166
"1457","Euptoieta claudia",2020,193
"1461","Limenitis archippus",1993,135
"1462","Limenitis archippus",1994,145
"1463","Limenitis archippus",1995,135
"1464","Limenitis archippus",1996,140
"1465","Limenitis archippus",1997,235
"1466","Limenitis archippus",1998,135
"1467","Limenitis archippus",1999,181
"1468","Limenitis archippus",2000,229
"1469","Limenitis archippus",2001,224
"1470","Limenitis archippus",2002,136
"1471","Limenitis archippus",2003,221
"1472","Limenitis archippus",2004,136
"1473","Limenitis archippus",2005,233
"1474","Limenitis archippus",2006,225
"1475","Limenitis archippus",2007,215
"1476","Limenitis archippus",2008,186
"1477","Limenitis archippus",2009,220
"1478","Limenitis archippus",2010,122
"1479","Limenitis archippus",2011,144
"1480","Limenitis archippus",2012,230
"1481","Limenitis archippus",2013,222
"1482","Limenitis archippus",2014,199
"1483","Limenitis archippus",2015,142
"1484","Limenitis archippus",2016,234
"1485","Limenitis archippus",2017,123
"1486","Limenitis archippus",2018,181
"1487","Limenitis archippus",2019,205
"1488","Limenitis archippus",2020,229
